Reference number ,LA,Portal Link,Hector link,Development type,Date approved,Affordable,Overall Units,AH Units,Unclear,Shared Ownership,Rent to buy,Affordable Rent,Social Rent,On/offsite,Latitude,Longitude,Constructed,Mapped,Notes
18/72048/FUL,Salford,https://publicaccess.salford.gov.uk/publicaccess/applicationDetails.do?activeTab=dates&keyVal=PAX4U3NPMI100,https://dctmviewer.salford.gov.uk/PlanningApplications/ExternalEntryPoint.aspx?SEARCH_TYPE=1&DOC_CLASS_CODE=PLAN&Application_number=18%2f72048%2fFUL,Largescale major dwellings,12/12/2018,n/a,,,,,,,,,,,,,Student accomodatio 
119242/FO/2018,Manchester,https://pa.manchester.gov.uk/online-applications/applicationDetails.do?keyVal=P4WS1GBCK7A00&activeTab=summary,,Smallscale major dwellings,30/11/2018,Paid under S106,85,,,,,,,,,,,,
17/70561/FUL,Salford,https://publicaccess.salford.gov.uk/publicaccess/applicationDetails.do?keyVal=OVHL0UNPKQU00&activeTab=summary,https://dctmviewer.salford.gov.uk/PlanningApplications/ExternalEntryPoint.aspx?SEARCH_TYPE=1&DOC_CLASS_CODE=PLAN&Application_number=17/70561/FUL,Major-Small Scale Dwellings,30/11/2018,n/a,24,,,,,,,,,,,,
14/65186/FUL,Salford,https://publicaccess.salford.gov.uk/publicaccess/applicationDetails.do?keyVal=N9M90VNP5Y000&activeTab=summary,,Largescale major dwellings,29/11/2018,No,244,,,,,,,,53.478986,-2.344298,,,
18/71500/FUL,Salford,https://publicaccess.salford.gov.uk/publicaccess/applicationDetails.do?keyVal=P59IEANPLV900&activeTab=summary,https://dctmviewer.salford.gov.uk/PlanningApplications/ExternalEntryPoint.aspx?SEARCH_TYPE=1&DOC_CLASS_CODE=PLAN&Application_number=18/71500/FUL,Major-Small Scale Dwellings,26/11/2018,n/a,,,,,,,,,,,,,Under 25
117411/FO/2017,Manchester,https://pa.manchester.gov.uk/online-applications/applicationDetails.do?keyVal=OVHYR5BCG5D00&activeTab=summary,,Smallscale major dwellings,21/11/2018,Unclear,24,,,,,,,,,,,,
18/71344/FUL,Salford,https://publicaccess.salford.gov.uk/publicaccess/applicationDetails.do?keyVal=P3KE93NPLNX00&activeTab=summary,,Largescale major dwellings,21/11/2018,Yes,302,32,0,1,0,0,0,Onsite,53.537056,-2.399114,Yes,,
119731/FO/2018,Manchester,https://pa.manchester.gov.uk/online-applications/applicationDetails.do?keyVal=P79NIQBCLBJ00&activeTab=summary,,Smallscale major dwellings,15/11/2018,Unclear,38,,,,,,,,,,,,
120665/FO/2018,Manchester,https://pa.manchester.gov.uk/online-applications/applicationDetails.do?keyVal=PBY65PBCFVP00&activeTab=summary,https://pa.manchester.gov.uk/online-applications/applicationDetails.do?activeTab=documents&keyVal=PBY65PBCFVP00,Smallscale major dwellings,15/11/2018,n/a,12,,,,,,,,,,,,
118303/FO/2017,Manchester,https://pa.manchester.gov.uk/online-applications/applicationDetails.do?keyVal=P02GZ1BCI1X00&activeTab=summary,,Smallscale major dwellings,12/11/2018,Unclear,27,,,,,,,,,,,,
120099/FO/2018,Manchester,https://pa.manchester.gov.uk/online-applications/applicationDetails.do?activeTab=documents&keyVal=P94S8LBCM8Z00,https://dctmviewer.salford.gov.uk/PlanningApplications/ExternalEntryPoint.aspx?SEARCH_TYPE=1&DOC_CLASS_CODE=PLAN&Application_number=18/71500/FUL,Smallscale major dwellings,10/11/2018,n/a,10,,,,,,,,,,,,
120888/FO/2018,Manchester,https://pa.manchester.gov.uk/online-applications/applicationDetails.do?keyVal=PCVYV3BCGFQ00&activeTab=summary,,Smallscale major dwellings,05/11/2018,Yes ONLY,18,18,0,0,0,1,0,Onsite,53.387139,-2.261488,Yes,,
18/71785/FUL,Salford,https://publicaccess.salford.gov.uk/publicaccess/applicationDetails.do?keyVal=P88U8PNPM7100&activeTab=summary,https://dctmviewer.salford.gov.uk/PlanningApplications/ExternalEntryPoint.aspx?SEARCH_TYPE=1&DOC_CLASS_CODE=PLAN&Application_number=18/71785/FUL,Major-Small Scale Dwellings,02/11/2018,n/a,,,,,,,,,,,,,Under 25
18/71512/FUL,Salford,https://publicaccess.salford.gov.uk/publicaccess/applicationDetails.do?keyVal=P5D7NPNPLVQ00&activeTab=summary,,Largescale major dwellings,31/10/2018,Unclear,296,,,,,,,,,,,,
119450/FO/2018,Manchester,https://pa.manchester.gov.uk/online-applications/applicationDetails.do?keyVal=P5W71BBCKNZ00&activeTab=summary,https://pa.manchester.gov.uk/online-applications/applicationDetails.do?activeTab=documents&keyVal=P5W71BBCKNZ00,Smallscale major dwellings,21/10/2018,n/a,12,,,,,,,,,,,,
117470/FO/2017,Manchester,https://pa.manchester.gov.uk/online-applications/applicationDetails.do?keyVal=OVUJIGBCG9O00&activeTab=summary,https://pa.manchester.gov.uk/online-applications/applicationDetails.do?activeTab=documents&keyVal=OVUJIGBCG9O00,Smallscale major dwellings,19/10/2018,n/a,,,,,,,,,,,,,Under 15 units 
117470/FO/2017,Manchester,https://pa.manchester.gov.uk/online-applications/applicationDetails.do?keyVal=OVUJIGBCG9O00&activeTab=summary,https://pa.manchester.gov.uk/online-applications/applicationDetails.do?activeTab=documents&keyVal=OVUJIGBCG9O00,Smallscale major dwellings,19/10/2018,n/a,14,,,,,,,,,,,,
119497/FO/2018,Manchester,https://pa.manchester.gov.uk/online-applications/applicationDetails.do?keyVal=P61FTLBCKS400&activeTab=summary,https://pa.manchester.gov.uk/online-applications/applicationDetails.do?activeTab=documents&keyVal=P61FTLBCKS400,Smallscale major dwellings,16/10/2018,n/a,14,,,,,,,,,,,,
18/72212/FUL,Salford,https://publicaccess.salford.gov.uk/publicaccess/applicationDetails.do?keyVal=PCGOUDNPMOR00&activeTab=summary,,Major-Small Scale Dwellings,04/10/2018,Yes ONLY,108,108,0,0,1,0,0,Onsite ,53.487501,-2.254985,Yes,,
18/71330/FUL,Salford,https://publicaccess.salford.gov.uk/publicaccess/applicationDetails.do?keyVal=P3IJYENPLNL00&activeTab=summary,,Major-Small Scale Dwellings,01/10/2018,Paid under S106,156,,,,,,,,53.48817,-2.250411,,,
18/71440/FUL,Salford,https://publicaccess.salford.gov.uk/publicaccess/applicationDetails.do?keyVal=P4JKXSNPLS900&activeTab=summary,https://publicaccess.salford.gov.uk/publicaccess/applicationDetails.do?keyVal=P4JKXSNPLS900&activeTab=summary,Major-Small Scale Dwellings,31/08/2018,n/a,11,,,,,,,,,,,,
118599/FO/2017,Manchester,https://pa.manchester.gov.uk/online-applications/applicationDetails.do?keyVal=P177MIBCIQ500&activeTab=summary,,Smallscale major dwellings,09/08/2018,No,20,,,,,,,,,,No,,
17/70853/FUL,Salford,https://publicaccess.salford.gov.uk/publicaccess/applicationDetails.do?keyVal=OYIU65NPL3D00&activeTab=summary,,Largescale major dwellings,02/08/2018,Yes,241,42,0,1,0,1,1,Onsite,53.499429,-2.344955,Yes,,
118625/FO/2017,Manchester,https://pa.manchester.gov.uk/online-applications/applicationDetails.do?keyVal=P19LTRBCIS400&activeTab=summary,,Smallscale major dwellings,25/07/2018,Paid under S106,280,,,,,,,,,,,,
17/71136/FUL,Salford,https://publicaccess.salford.gov.uk/publicaccess/applicationDetails.do?keyVal=P192C7NPLFA00&activeTab=summary,,Major-Small Scale Dwellings,23/07/2018,Yes,72,40,0,1,0,1,0,Onsite,53.502499,-2.303258,Yes,,
17/69861/FUL,Salford,https://publicaccess.salford.gov.uk/publicaccess/applicationDetails.do?keyVal=OONA5TNPK0F00&activeTab=summary,https://dctmviewer.salford.gov.uk/PlanningApplications/ExternalEntryPoint.aspx?SEARCH_TYPE=1&DOC_CLASS_CODE=PLAN&Application_number=17/69861/FUL,Major-Small Scale Dwellings,12/07/2018,n/a,12,,,,,,,,,,,,
18/71546/FUL,Salford,https://publicaccess.salford.gov.uk/publicaccess/applicationDetails.do?keyVal=P5Q68DNPLX600&activeTab=summary,,Largescale major dwellings,11/07/2018,No,299,,,,,,,,,,,,
118494/FO/2017,Manchester,https://pa.manchester.gov.uk/online-applications/applicationDetails.do?keyVal=P0NDTDBCIH200&activeTab=summary,,Smallscale major dwellings,06/07/2018,Yes ONLY,26,26,0,0,1,0,0,Onsite,53.460465,-2.169668,Yes,,
119806/FO/2018,Manchester,https://pa.manchester.gov.uk/online-applications/applicationDetails.do?keyVal=P7OGT5BCLIT00&activeTab=summary,,Largescale major dwellings,04/07/2018,No,664,,,,,,,,,,,,
118945/FO/2018,Manchester,https://pa.manchester.gov.uk/online-applications/applicationDetails.do?keyVal=P3BOGLBCJI200&activeTab=summary,,Smallscale major dwellings,04/07/2018,Unclear,18,,,,,,,,,,,,
119149/FO/2018,Manchester,https://pa.manchester.gov.uk/online-applications/applicationDetails.do?keyVal=P4HQ9GBCJZK00&activeTab=summary,,Smallscale major dwellings,29/06/2018,Yes ONLY,106,106,0,0,0,0,1,Onsite,53.464769,-2.164793,Yes,,Specifically for older people
17/70056/FUL,Salford,https://publicaccess.salford.gov.uk/publicaccess/applicationDetails.do?keyVal=OQE8SCNPK6X00&activeTab=summary,,Major-Small Scale Dwellings,29/06/2018,No,57,,,,,,,,,,,,
113473/FO/2016,Manchester,https://pa.manchester.gov.uk/online-applications/applicationDetails.do?keyVal=OB7Y6OBCG9500&activeTab=summary,,Largescale major dwellings,13/06/2018,Paid under S106,419,,,,,,,,53.471214,-2.260662,,,
118530/FO/2017,Manchester,https://pa.manchester.gov.uk/online-applications/applicationDetails.do?keyVal=P0WC0HBCIK200&activeTab=summary,,Smallscale major dwellings,12/06/2018,No,91,,,,,,,,,,,,
117208/FO/2017,Manchester,https://pa.manchester.gov.uk/online-applications/applicationDetails.do?keyVal=OUCWXIBCFOT00&activeTab=summary,https://pa.manchester.gov.uk/online-applications/applicationDetails.do?activeTab=documents&keyVal=OUCWXIBCFOT00,Largescale major dwellings,08/06/2018,n/a,14,,,,,,,,,,,,
18/71363/FUL,Salford,https://publicaccess.salford.gov.uk/publicaccess/applicationDetails.do?keyVal=P3RTOMNPLOU00&activeTab=summary,,Major-Small Scale Dwellings,06/06/2018,No,86,,,,,,,,53.472056,-2.268692,,,
118267/FO/2017,Manchester,https://pa.manchester.gov.uk/online-applications/applicationDetails.do?keyVal=OZRWJ8BCHYJ00&activeTab=summary,,Largescale major dwellings,01/06/2018,Unclear,309,,,,,,,,,,,,"94 student accomodation not included, saying it's affordable but not sure it is?"
116582/FO/2017,Manchester,https://pa.manchester.gov.uk/online-applications/applicationDetails.do?keyVal=OR4Q3ABC0CT00&activeTab=summary,,Smallscale major dwellings,01/06/2018,Unclear,28,,,,,,,,,,,,
17/70156/FUL,Salford,https://publicaccess.salford.gov.uk/publicaccess/applicationDetails.do?keyVal=OR9Q8XNPKAK00&activeTab=summary,,Major-Small Scale Dwellings,25/05/2018,No,180,,,,,,,,,,,,
118120/FO/2017,Manchester,https://pa.manchester.gov.uk/online-applications/applicationDetails.do?activeTab=summary&keyVal=OZ1XIOBC03M00,,Largescale major dwellings,23/05/2018,Paid under S106,155,,,,,,,,,,,,
118688/FO/2017,Manchester,https://pa.manchester.gov.uk/online-applications/applicationDetails.do?keyVal=P1CRMPBCIWF00&activeTab=summary,,Smallscale major dwellings,21/05/2018,No,17,,,,,,,,,,,,
16/69223/FUL,Salford,https://publicaccess.salford.gov.uk/publicaccess/applicationDetails.do?keyVal=OI46CNNPJD800&activeTab=summary,,Largescale major dwellings,09/05/2018,Yes,375,1,0,0,0,0,1,Onsite,53.470185,-2.27446,Yes,,
118156/FO/2017,Manchester,https://pa.manchester.gov.uk/online-applications/applicationDetails.do?keyVal=OZ72DYBCHQ400&activeTab=summary,https://pa.manchester.gov.uk/online-applications/applicationDetails.do?activeTab=documents&keyVal=OZ72DYBCHQ400,Smallscale major dwellings,25/04/2018,n/a,13,,,,,,,,,,,,
117371/FO/2017,Manchester,https://pa.manchester.gov.uk/online-applications/applicationDetails.do?keyVal=OV8BHNBCG1O00&activeTab=summary,https://pa.manchester.gov.uk/online-applications/applicationDetails.do?activeTab=documents&keyVal=OV8BHNBCG1O00,Smallscale major dwellings,20/04/2018,n/a,10,,,,,,,,,,,,
16/69254/OUT,Salford,https://publicaccess.salford.gov.uk/publicaccess/applicationDetails.do?keyVal=OIH4Z7NPJEG00&activeTab=summary,,Major-Small Scale Dwellings,09/04/2018,Unclear,48,,,,,,,,,,,,
17/71019/FUL,Salford,https://publicaccess.salford.gov.uk/publicaccess/applicationDetails.do?keyVal=OZWWZ5NPL9Z00&activeTab=summary,,Largescale major dwellings,28/03/2018,Yes ONLY,83,83,0,1,0,1,0,Onsite,53.536452,-2.423036,Yes,,
17/71100/FUL,Salford,https://publicaccess.salford.gov.uk/publicaccess/applicationDetails.do?keyVal=P0U8XQNPLDO00&activeTab=summary,https://dctmviewer.salford.gov.uk/PlanningApplications/ExternalEntryPoint.aspx?SEARCH_TYPE=1&DOC_CLASS_CODE=PLAN&Application_number=17/71100/FUL,Major-Small Scale Dwellings,21/03/2018,n/a,,,,,,,,,,,,,Under 25
17/71118/OUT,Salford,https://publicaccess.salford.gov.uk/publicaccess/applicationDetails.do?keyVal=P0ZSZ5NPLEG00&activeTab=summary,https://dctmviewer.salford.gov.uk/PlanningApplications/ExternalEntryPoint.aspx?SEARCH_TYPE=1&DOC_CLASS_CODE=PLAN&Application_number=17/71118/OUT,Major-Small Scale Dwellings,20/03/2018,n/a,10,,,,,,,,,,,,
116881/FO/2017,Manchester,https://pa.manchester.gov.uk/online-applications/applicationDetails.do?keyVal=OSLVJLBCMNK00&activeTab=summary,,Smallscale major dwellings,19/03/2018,Paid under S106,79,,,,,,,,,,,,
17/70940/FUL,Salford,https://publicaccess.salford.gov.uk/publicaccess/applicationDetails.do?keyVal=OZ8U9XNPL6N00&activeTab=summary,,Largescale major dwellings,15/03/2018,Yes ONLY,48,48,0,0,0,1,0,Onsite,53.485123,-2.307316,Yes,,
118568/FO/2017,Manchester,https://pa.manchester.gov.uk/online-applications/applicationDetails.do?keyVal=P15CXGBCINU00&activeTab=summary,,Smallscale major dwellings,14/03/2018,No,118,,,,,,,,,,,,
117055/FO/2017,Manchester,https://pa.manchester.gov.uk/online-applications/applicationDetails.do?keyVal=OTE7XLBCN1C00&activeTab=summary,,Smallscale major dwellings,13/02/2018,No,129,,,,,,,,,,,,
117303/FO/2017,Manchester,https://pa.manchester.gov.uk/online-applications/applicationDetails.do?keyVal=OUTI93BCFVT00&activeTab=summary,,Smallscale major dwellings,01/02/2018,Paid under S106,95,,,,,,,,53.427137,-2.249765,Yes,,
115178/FO/2017,Manchester,https://pa.manchester.gov.uk/online-applications/applicationDetails.do?keyVal=OKORMOBCJ6800&activeTab=summary,,Largescale major dwellings,16/01/2018,Paid under S106,128,,,,,,,,,,,,
117274/FO/2017,Manchester,https://pa.manchester.gov.uk/online-applications/applicationDetails.do?keyVal=OUQ6M4BC03M00&activeTab=summary,,Smallscale major dwellings,12/01/2018,No,27,,,,,,,,,,,,
117054/FO/2017,Manchester,https://pa.manchester.gov.uk/online-applications/applicationDetails.do?keyVal=OTE2BTBCN1600&activeTab=summary,https://pa.manchester.gov.uk/online-applications/applicationDetails.do?activeTab=documents&keyVal=OTE2BTBCN1600,Largescale major dwellings,22/12/2017,n/a,,,,,,,,,,,,,Student apartments
117282/FO/2017,Manchester,https://pa.manchester.gov.uk/online-applications/applicationDetails.do?keyVal=OURNIABCFUC00&activeTab=summary,,Smallscale major dwellings,15/12/2017,Yes ONLY,27,27,0,1,0,0,0,Onsite,53.474251,-2.180642,Yes,,
116758/FO/2017,Manchester,https://pa.manchester.gov.uk/online-applications/applicationDetails.do?keyVal=ORXSXCBCMDK00&activeTab=summary,,Smallscale major dwellings,27/11/2017,Yes,147,109,0,1,1,0,0,Onsite,53.382241,-2.270832,Yes,,Affordable housing statement in Design and Access statement
116840/FO/2017,Manchester,https://pa.manchester.gov.uk/online-applications/applicationDetails.do?keyVal=OSCM6SBCMK600&activeTab=summary,,Smallscale major dwellings,23/11/2017,Yes ONLY,54,54,0,1,0,1,0,Onsite,53.432912,-2.244279,Yes,,
116892/FO/2017,Manchester,https://pa.manchester.gov.uk/online-applications/applicationDetails.do?keyVal=OSM3UUBC05D00&activeTab=summary,,Smallscale major dwellings,22/11/2017,Unclear,23,,,,,,,,,,,,
17/70626/FUL,Salford,https://publicaccess.salford.gov.uk/publicaccess/applicationDetails.do?keyVal=OW03HLNPKTJ00&activeTab=summary,,Largescale major dwellings,21/11/2017,n/a,18,,,,,,,,,,,,Just apartments? 
114187/FO/2016,Manchester,https://pa.manchester.gov.uk/online-applications/applicationDetails.do?keyVal=OEXLD5BCH9G00&activeTab=summary,,Smallscale major dwellings,20/11/2017,Unclear,30,,,,,,,,,,,,
117159/FO/2017,Manchester,https://pa.manchester.gov.uk/online-applications/applicationDetails.do?keyVal=OU1Q8LBCFK800&activeTab=summary,https://pa.manchester.gov.uk/online-applications/applicationDetails.do?activeTab=documents&keyVal=OU1Q8LBCFK800,Smallscale major dwellings,17/11/2017,n/a,12,12,,1,1,0,0,Onsite,,,,,Under 15 
117014/FO/2017,Manchester,https://pa.manchester.gov.uk/online-applications/applicationDetails.do?keyVal=OT8EP3BCMXQ00&activeTab=summary,,Smallscale major dwellings,17/11/2017,No,28,,,,,,,,,,,,
116919/FO/2017,Manchester,https://pa.manchester.gov.uk/online-applications/applicationDetails.do?keyVal=OSPW1YBCMQE00&activeTab=summary,https://pa.manchester.gov.uk/online-applications/applicationDetails.do?activeTab=documents&keyVal=OSPW1YBCMQE00,Smallscale major dwellings,27/10/2017,n/a,,,,,,,,,,,,,Housing for people with learning disabilities 
116831/FO/2017,Manchester,https://pa.manchester.gov.uk/online-applications/applicationDetails.do?keyVal=OSAX4YBCMJM00&activeTab=summary,,Smallscale major dwellings,26/10/2017,Yes ONLY,105,105,0,0,1,0,0,Onsite,53.457215,-2.244258,Yes,,
116918/FO/2017,Manchester,https://pa.manchester.gov.uk/online-applications/applicationDetails.do?keyVal=OSPW1BBCMQC00&activeTab=summary,https://pa.manchester.gov.uk/online-applications/applicationDetails.do?activeTab=documents&keyVal=OSPW1BBCMQC00,Largescale major dwellings,19/10/2017,n/a,20,,,,,,,,,,,,Housing for people with learning disabilities 
117239/FO/2017,Manchester,https://pa.manchester.gov.uk/online-applications/applicationDetails.do?keyVal=OUH31OBCFR500&activeTab=summary,https://pa.manchester.gov.uk/online-applications/applicationDetails.do?activeTab=documents&keyVal=OUH31OBCFR500,Smallscale major dwellings,19/10/2017,n/a,,,,,,,,,,,,,Housing for people with learning disabilities 
116984/FO/2017,Manchester,https://pa.manchester.gov.uk/online-applications/applicationDetails.do?keyVal=OT2JIJBCMVI00&activeTab=summary,https://pa.manchester.gov.uk/online-applications/applicationDetails.do?keyVal=OT2JIJBCMVI00&activeTab=summary,Smallscale major dwellings,19/10/2017,n/a,,,,,,,,,,,,,Under 15 unit threshold
116917/FO/2017,Manchester,https://pa.manchester.gov.uk/online-applications/applicationDetails.do?keyVal=OSPW0JBCMQA00&activeTab=summary,https://pa.manchester.gov.uk/online-applications/applicationDetails.do?activeTab=documents&keyVal=OSPW0JBCMQA00,Smallscale major dwellings,19/10/2017,n/a,,,,,,,,,,,,,Housing for people with learning disabilities 
115919/FO/2017,Manchester,https://pa.manchester.gov.uk/online-applications/applicationDetails.do?keyVal=OO6M76BCKQJ00&activeTab=summary,,Smallscale major dwellings,13/10/2017,No,108,,,,,,,,53.471447,-2.263802,,,
115289/FO/2017,Manchester,https://pa.manchester.gov.uk/online-applications/applicationDetails.do?keyVal=OL5WD6BCJF000&activeTab=summary,https://pa.manchester.gov.uk/online-applications/applicationDetails.do?activeTab=documents&keyVal=OL5WD6BCJF000,Smallscale major dwellings,13/10/2017,n/a,,,,,,,,,,,,,Under 15 unit threshold
115969/FO/2017,Manchester,https://pa.manchester.gov.uk/online-applications/applicationDetails.do?keyVal=OOAV49BCKU900&activeTab=summary,,Smallscale major dwellings,11/10/2017,No,61,,,,,,,,,,,,
16/69232/FUL,Salford,https://publicaccess.salford.gov.uk/publicaccess/applicationDetails.do?keyVal=OI610CNPJDJ00&activeTab=summary,,Major-Small Scale Dwellings,29/09/2017,Yes,26,6,0,1,0,0,1,Onsite,53.516825,-2.396745,Go to the site ,,
114600/FO/2016,Manchester,https://pa.manchester.gov.uk/online-applications/applicationDetails.do?keyVal=OHCEAHBCHYP00&activeTab=summary,,Smallscale major dwellings,26/09/2017,No,80,,,,,,,,,,,,
115914/FO/2017,Manchester,https://pa.manchester.gov.uk/online-applications/applicationDetails.do?keyVal=OO1DHMBCKQ100&activeTab=summary,https://pa.manchester.gov.uk/online-applications/applicationDetails.do?activeTab=documents&keyVal=OO1DHMBCKQ100,Smallscale major dwellings,25/09/2017,n/a,,,,,,,,,,,,,Under 15 unit threshold
114896/FO/2016,Manchester,https://pa.manchester.gov.uk/online-applications/applicationDetails.do?keyVal=OIN04ZBCIKC00&activeTab=summary,,Smallscale major dwellings,25/09/2017,No,18,,,,,,,,,,,,
17/70096/FUL,Salford,https://publicaccess.salford.gov.uk/publicaccess/applicationDetails.do?keyVal=OQLNIPNPK8400&activeTab=summary,,Major-Small Scale Dwellings,22/09/2017,n/a,,,,,,,,,,,,,Student housing 
16/67937/FUL,Salford,https://publicaccess.salford.gov.uk/publicaccess/applicationDetails.do?keyVal=O486AYNPI3700&activeTab=summary,,Largescale major dwellings,11/09/2017,Unclear,140,,,,,,,,,,,,
115923/FO/2017,Manchester,https://pa.manchester.gov.uk/online-applications/applicationDetails.do?keyVal=OO6M9GBCKQU00&activeTab=summary,,Smallscale major dwellings,08/09/2017,No,35,,,,,,,,,,,,
116140/FO/2017,Manchester,https://pa.manchester.gov.uk/online-applications/applicationDetails.do?keyVal=OPD7LXBCL7F00&activeTab=summary,,Smallscale major dwellings,29/08/2017,Yes,48,28,1,0,0,0,0,Onsite,53.502493,-2.228158,Yes,,
113475/FO/2016,Manchester,https://pa.manchester.gov.uk/online-applications/applicationDetails.do?keyVal=OB7Y8KBCG9700&activeTab=summary,,Smallscale major dwellings,29/08/2017,No,20,,,,,,,,,,,,
116366/FO/2017,Manchester,https://pa.manchester.gov.uk/online-applications/applicationDetails.do?keyVal=OQ5JIBBC0E700&activeTab=summary,,Largescale major dwellings,25/08/2017,No,756,,,,,,,,,,,,
17/69493/FUL,Salford,https://publicaccess.salford.gov.uk/publicaccess/applicationDetails.do?keyVal=OLCUDFNPJNK00&activeTab=summary,,Largescale major dwellings,25/08/2017,No,593,,,,,,,,,,,,
15/66415/FUL,Salford,https://publicaccess.salford.gov.uk/publicaccess/applicationDetails.do?keyVal=NOFKXONPGMJ00&activeTab=summary,,Largescale major dwellings,25/08/2017,No,364,,,,,,,,,,,,
111932/FO/2016,Manchester,https://pa.manchester.gov.uk/online-applications/applicationDetails.do?keyVal=O5XOX9BC05D00&activeTab=summary,https://pa.manchester.gov.uk/online-applications/applicationDetails.do?activeTab=documents&keyVal=O5XOX9BC05D00,Smallscale major dwellings,24/08/2017,n/a,14,,,,,,,,,,,,
16/69146/FUL,Salford,https://publicaccess.salford.gov.uk/publicaccess/applicationDetails.do?keyVal=OH6UBJNPJAM00&activeTab=summary,,Major-Small Scale Dwellings,23/08/2017,n/a,24,,,,,,,,,,,,
16/68977/FUL,Salford,https://publicaccess.salford.gov.uk/publicaccess/applicationDetails.do?keyVal=OF2U7JNPJ3N00&activeTab=summary,,Major-Small Scale Dwellings,03/08/2017,No,178,,,,,,,,,,,,
109840/FO/2015/N1,Manchester,https://pa.manchester.gov.uk/online-applications/applicationDetails.do?keyVal=NTBTCWBC6K000&activeTab=summary,,Smallscale major dwellings,31/07/2017,Unclear,103,,,,,,,,,,,,
	116190/FO/2017,Manchester,https://pa.manchester.gov.uk/online-applications/applicationDetails.do?keyVal=OPMLZPBC03O00&activeTab=summary,,Largescale major dwellings,28/07/2017,No,213,,,,,,,,53.482162,-2.22067,,,
116300/FO/2017,Manchester,https://pa.manchester.gov.uk/online-applications/applicationDetails.do?keyVal=OQ1FLTBC03O00&activeTab=summary,,Smallscale major dwellings,28/07/2017,No,68,,,,,,,,,,,,
115871/FO/2017,Manchester,https://pa.manchester.gov.uk/online-applications/applicationDetails.do?keyVal=ONXG65BC03M00&activeTab=summary,,Largescale major dwellings,27/07/2017,No,375,,,,,,,,,,,,
115475/FO/2017,Manchester,https://pa.manchester.gov.uk/online-applications/applicationDetails.do?keyVal=OM6H0ABCJU600&activeTab=summary,,Largescale major dwellings,26/07/2017,Unclear,,,,,,,,,,,,,
17/70082/REM,Salford,https://publicaccess.salford.gov.uk/publicaccess/applicationDetails.do?keyVal=OQJSVVNPK7P00&activeTab=summary,,Largescale major dwellings,24/07/2017,Unclear,199,,,,,,,,,,,,
115207/FO/2017,Manchester,https://pa.manchester.gov.uk/online-applications/applicationDetails.do?keyVal=OKT0KGBCJ8T00&activeTab=summary,,Smallscale major dwellings,21/07/2017,Unclear,42,,,,,,,,,,,,
115904/VO/2017,Manchester,https://pa.manchester.gov.uk/online-applications/applicationDetails.do?keyVal=OO129CBCKOP00&activeTab=summary,https://pa.manchester.gov.uk/online-applications/applicationDetails.do?activeTab=documents&keyVal=OO129CBCKOP00,Smallscale major dwellings,19/07/2017,n/a,,,,,,,,,,,,,Under 15 units
115903/VO/2017,Manchester,https://pa.manchester.gov.uk/online-applications/applicationDetails.do?keyVal=OO128YBCKON00&activeTab=summary,https://pa.manchester.gov.uk/online-applications/applicationDetails.do?activeTab=documents&keyVal=OO128YBCKON00,Smallscale major dwellings,19/07/2017,n/a,,,,,,,,,,,,,
17/69401/FUL,Salford,https://publicaccess.salford.gov.uk/publicaccess/applicationDetails.do?keyVal=OKMX1INPJKC00&activeTab=summary,,Major-Small Scale Dwellings,14/07/2017,n/a,,,,,,,,,,,,,Student housing 
115299/FO/2017,Manchester,https://pa.manchester.gov.uk/online-applications/applicationDetails.do?keyVal=OLAZRWBCJFQ00&activeTab=summary,https://pa.manchester.gov.uk/online-applications/applicationDetails.do?activeTab=documents&keyVal=OLAZRWBCJFQ00,Smallscale major dwellings,11/07/2017,n/a,131,??,,??,,,,Onsite,,,,,Can't find details of affordable housing 
115905/VO/2017,Manchester,https://pa.manchester.gov.uk/online-applications/applicationDetails.do?keyVal=OO129LBCKOR00&activeTab=summary,https://pa.manchester.gov.uk/online-applications/applicationDetails.do?activeTab=documents&keyVal=OO129LBCKOR00,Smallscale major dwellings,06/07/2017,n/a,,,,,,,,,,,,,Under 15 units 
115947/FO/2017,Manchester,https://pa.manchester.gov.uk/online-applications/applicationDetails.do?keyVal=OO8M7KBC0E700&activeTab=summary,,Smallscale major dwellings,04/07/2017,No,169,,,,,,,,,,,,
115529/FO/2017,Manchester,https://pa.manchester.gov.uk/online-applications/applicationDetails.do?keyVal=OME3ZRBCJXT00&activeTab=summary,https://pa.manchester.gov.uk/online-applications/applicationDetails.do?activeTab=documents&keyVal=OME3ZRBCJXT00,Smallscale major dwellings,03/07/2017,n/a,,,,,,,,,,,,,Under 15 units
115139/FO/2017,Manchester,https://pa.manchester.gov.uk/online-applications/applicationDetails.do?keyVal=OKDYSIBCJ2S00&activeTab=summary,,Smallscale major dwellings,30/06/2017,Unclear,44,,,,,,,,,,,,
16/68643/FUL,Salford,https://publicaccess.salford.gov.uk/publicaccess/applicationDetails.do?keyVal=OBH7HVNPIRG00&activeTab=summary,,Major-Small Scale Dwellings,29/06/2017,Unclear,25,,,,,,,,,,,,May not need affordable - apartments 
17/69416/FUL,Salford,https://publicaccess.salford.gov.uk/publicaccess/applicationDetails.do?keyVal=OKQM9QNPJKZ00&activeTab=summary,,Major-Small Scale Dwellings,16/06/2017,No,73,,,,,,,,53.524499,-2.42233,,,
115545/FO/2017,Manchester,https://pa.manchester.gov.uk/online-applications/applicationDetails.do?keyVal=OMG2PFBC0E700&activeTab=summary,,Smallscale major dwellings,06/06/2017,No,357,,,,,,,,,,,,
115591/FO/2017,Manchester,https://pa.manchester.gov.uk/online-applications/applicationDetails.do?keyVal=OMLTT6BCK2300&activeTab=summary,,Smallscale major dwellings,02/06/2017,No,53,,,,,,,,,,,,
115233/FO/2017,Manchester,https://pa.manchester.gov.uk/online-applications/applicationDetails.do?keyVal=OKZVLRBCJAO00&activeTab=summary,https://pa.manchester.gov.uk/online-applications/applicationDetails.do?activeTab=documents&keyVal=OKZVLRBCJAO00,Smallscale major dwellings,02/06/2017,n/a,,,,,,,,,,,,,Under 15 units
112059/FO/2016,Manchester,https://pa.manchester.gov.uk/online-applications/applicationDetails.do?keyVal=O6P4VNBC03M00&activeTab=summary,,Smallscale major dwellings,30/05/2017,Unclear,18,,,,,,,,,,,,
16/68998/FUL,Salford,https://publicaccess.salford.gov.uk/publicaccess/applicationDetails.do?keyVal=OFC3H6NPJ4L00&activeTab=summary,,Major-Small Scale Dwellings,26/05/2017,n/a,,,,,,,,,,,,,Under 25
16/68325/OUT,Salford,https://publicaccess.salford.gov.uk/publicaccess/applicationDetails.do?keyVal=O88JJLNPIGD00&activeTab=summary,,Largescale major dwellings,25/05/2017,No,843,,,,,,,,,,,,
114961/FO/2017,Manchester,https://pa.manchester.gov.uk/online-applications/applicationDetails.do?keyVal=OJI6C3BCIPY00&activeTab=summary,,Smallscale major dwellings,05/05/2017,Unclear,109,,,,,,,,,,,,
115087/FO/2017,Manchester,https://pa.manchester.gov.uk/online-applications/applicationDetails.do?keyVal=OK83OEBCIZ600&activeTab=summary,,Smallscale major dwellings,02/05/2017,Unclear,59,,,,,,,,,,,,
114999/FO/2017,Manchester,https://pa.manchester.gov.uk/online-applications/applicationDetails.do?keyVal=OJMF6LBCISW00&activeTab=summary,,Smallscale major dwellings,27/04/2017,No,191,,,,,,,,,,,,
115910/VO/2017,Manchester,https://pa.manchester.gov.uk/online-applications/applicationDetails.do?keyVal=OO12ARBCKP100&activeTab=summary,,Smallscale major dwellings,07/04/2017,Unclear,16,,,,,,,,,,,,
114744/FO/2016,Manchester,https://pa.manchester.gov.uk/online-applications/applicationDetails.do?keyVal=OHWROSBCI8800&activeTab=summary,,Smallscale major dwellings,07/04/2017,Yes ONLY,21,21,0,0,1,0,0,Onsite,53.472264,-2.171234,Yes,,
114462/FO/2016,Manchester,https://pa.manchester.gov.uk/online-applications/applicationDetails.do?keyVal=OGGWYCBCHON00&activeTab=summary,https://pa.manchester.gov.uk/online-applications/applicationDetails.do?activeTab=documents&keyVal=OGGWYCBCHON00,Smallscale major dwellings,07/04/2017,n/a,,,,,,,,,,,,,Under 15 units
111998/FO/2016,Manchester,https://pa.manchester.gov.uk/online-applications/applicationDetails.do?keyVal=O6APQ6BC6K000&activeTab=summary,,Smallscale major dwellings,06/04/2017,Unclear,16,,,,,,,,,,,,
114962/FO/2017,Manchester,https://pa.manchester.gov.uk/online-applications/applicationDetails.do?keyVal=OJI6G5BCIQ200&activeTab=summary,,Smallscale major dwellings,05/04/2017,Unclear,126,,,,,,,,,,,,
113870/FO/2016,Manchester,https://pa.manchester.gov.uk/online-applications/applicationDetails.do?keyVal=OD8OAPBC03M00&activeTab=summary,,Smallscale major dwellings,05/04/2017,No,188,,,,,,,,,,,,
16/69216/FUL,Salford,https://publicaccess.salford.gov.uk/publicaccess/applicationDetails.do?keyVal=OHYMF3NPJCU00&activeTab=summary,,Largescale major dwellings,31/03/2017,No,270,,,,,,,,53.474255,-2.288885,,,Provision of affordable housing not required in mid value areas when it's apartments
15/67036/OUT,Salford,https://publicaccess.salford.gov.uk/publicaccess/applicationDetails.do?keyVal=NV4BHRNPH7Q00&activeTab=summary,,Major-Small Scale Dwellings,30/03/2017,Yes,107,21,0,1,0,0,1,Onsite,53.496897,-2.428308,Go to the site ,,
114529/OO/2016,Manchester,https://pa.manchester.gov.uk/online-applications/applicationDetails.do?keyVal=OGZQGOBC06N00&activeTab=summary,,Smallscale major dwellings,17/03/2017,Unclear,44,,,,,,,,,,,,Says that a contribution will be made via a deal between MCC and companies - may have made S106 contribution
16/67568/OUT,Salford,https://publicaccess.salford.gov.uk/publicaccess/applicationDetails.do?keyVal=O0W477NP00B00&activeTab=summary,,Largescale major dwellings,17/03/2017,No,700,,,,,,,,,,,,Apartments 
16/69279/FUL,Salford,https://publicaccess.salford.gov.uk/publicaccess/applicationDetails.do?keyVal=OIMOWCNPJF600&activeTab=summary,,Major-Small Scale Dwellings,17/03/2017,Unclear,64,,,,,,,,,,,,
114438/FO/2016,Manchester,https://pa.manchester.gov.uk/online-applications/applicationDetails.do?keyVal=OGD7MYBCHN900&activeTab=summary,https://pa.manchester.gov.uk/online-applications/applicationDetails.do?activeTab=documents&keyVal=OGD7MYBCHN900,Smallscale major dwellings,14/03/2017,n/a,,,,,,,,,,,,,Under 15 units
112127/FO/2016,Manchester,https://pa.manchester.gov.uk/online-applications/applicationDetails.do?keyVal=O7092XBC6K000&activeTab=summary,https://pa.manchester.gov.uk/online-applications/applicationDetails.do?activeTab=documents&keyVal=O7092XBC6K000,Smallscale major dwellings,10/03/2017,n/a,,,,,,,,,,,,,Change of use 
114863/FO/2016,Manchester,https://pa.manchester.gov.uk/online-applications/applicationDetails.do?keyVal=OIHLYDBC03M00&activeTab=summary,,Largescale major dwellings,09/03/2017,Unclear,384,,,,,,,,,,,,
114585/FO/2016,Manchester,https://pa.manchester.gov.uk/online-applications/applicationDetails.do?keyVal=OH5J2UBC03M00&activeTab=summary,,Largescale major dwellings,09/03/2017,No,351,,,,,,,,,,,,
114723/FO/2016,Manchester,https://pa.manchester.gov.uk/online-applications/applicationDetails.do?keyVal=OHTBIRBC03O00&activeTab=summary,,Largescale major dwellings,09/03/2017,No,305,,,,,,,,,,,,
114385/FO/2016,Manchester,https://pa.manchester.gov.uk/online-applications/applicationDetails.do?keyVal=OG0D6LBC03O00&activeTab=summary,,Largescale major dwellings,09/03/2017,No,329,,,,,,,,53.479101,-2.255325,,,
16/68969/FUL,Salford,https://publicaccess.salford.gov.uk/publicaccess/applicationDetails.do?keyVal=OF0ZIXNPJ3I00&activeTab=summary,,Major-Small Scale Dwellings,08/03/2017,Yes,36,Unclear,0,0,0,1,0,Onsite,53.525165,-2.405366,Yes,,
115211/FO/2017,Manchester,https://pa.manchester.gov.uk/online-applications/applicationDetails.do?keyVal=OKY13VBCJ9900&activeTab=summary,,Smallscale major dwellings,28/02/2017,Unclear,174,,,,,,,,,,,,
16/68723/FUL,Salford,https://publicaccess.salford.gov.uk/publicaccess/applicationDetails.do?keyVal=OCCP8LNPIUE00&activeTab=summary,,Largescale major dwellings,28/02/2017,Yes,525,4,1,0,0,0,0,Onsite,53.477232,-2.269665,Yes,,488 apartments (so affordable housing is from 30% townhouses)
13/63535/FUL,Salford,https://publicaccess.salford.gov.uk/publicaccess/applicationDetails.do?keyVal=MPV4U6NP5Y000&activeTab=summary,,Major-Small Scale Dwellings,22/02/2017,n/a,,,,,,,,,,,,,Student apartments 
114146/FO/2016,Manchester,https://pa.manchester.gov.uk/online-applications/applicationDetails.do?keyVal=OEOHLTBCH7A00&activeTab=summary,,Smallscale major dwellings,20/02/2017,Unclear,183,,,,,,,,,,,,
16/68118/FUL,Salford,https://publicaccess.salford.gov.uk/publicaccess/applicationDetails.do?keyVal=O68DNNNPI9I00&activeTab=summary,,Major-Small Scale Dwellings,25/01/2017,n/a,,,,,,,,,,,,,Under 25
110785/FO/2015/C2,Manchester,https://pa.manchester.gov.uk/online-applications/applicationDetails.do?keyVal=NZ6WD3BC01D00&activeTab=summary,https://pa.manchester.gov.uk/online-applications/applicationDetails.do?activeTab=documents&keyVal=NZ6WD3BC01D00,Smallscale major dwellings,23/01/2017,n/a,12,,,,,,,,,,,,Under 15 units
16/69039/FUL,Salford,https://publicaccess.salford.gov.uk/publicaccess/applicationDetails.do?keyVal=OFR05LNP00B00&activeTab=summary,,Major-Small Scale Dwellings,23/01/2017,n/a,,,,,,,,,,,,,Under 25
112487/FO/2016,Manchester,https://pa.manchester.gov.uk/online-applications/applicationDetails.do?keyVal=O8R26ZBC6K000&activeTab=summary,,Smallscale major dwellings,16/01/2017,Unclear,23,,,,,,,,,,,,
113618/FO/2016,Manchester,https://pa.manchester.gov.uk/online-applications/applicationDetails.do?keyVal=OBXVKJBCGFX00&activeTab=summary,,Smallscale major dwellings,13/01/2017,No,64,,,,,,,,53.443962,-2.188995,,,
112256/FO/2016,Manchester,https://pa.manchester.gov.uk/online-applications/applicationDetails.do?keyVal=O7O65ZBC6K000&activeTab=summary,,Smallscale major dwellings,13/01/2017,Unclear,143,,,,,,,,,,,,
113955/FO/2016,Manchester,https://pa.manchester.gov.uk/online-applications/applicationDetails.do?keyVal=ODR8CKBCGXN00&activeTab=summary,https://pa.manchester.gov.uk/online-applications/applicationDetails.do?activeTab=documents&keyVal=ODR8CKBCGXN00,Smallscale major dwellings,19/12/2016,n/a,,,,,,,,,,,,,Under 15 units
16/68126/FUL,Salford,https://publicaccess.salford.gov.uk/publicaccess/applicationDetails.do?keyVal=O6A66HNPI9Q00&activeTab=summary,,Major-Small Scale Dwellings,19/12/2016,No,123,,,,,,,,53.520343,-2.394096,,,
113713/FO/2016,Manchester,https://pa.manchester.gov.uk/online-applications/applicationDetails.do?keyVal=OCEU6BBC03M00&activeTab=summary,,Smallscale major dwellings,16/12/2016,Unclear,38,,,,,,,,,,,,
16/67809/FUL,Salford,https://publicaccess.salford.gov.uk/publicaccess/applicationDetails.do?keyVal=O35AHFNPHZ400&activeTab=summary,,Largescale major dwellings,15/12/2016,No,349,,,,,,,,53.487895,-2.249776,,,
113836/FO/2016,Manchester,https://pa.manchester.gov.uk/online-applications/applicationDetails.do?keyVal=OD4GV0BCGRE00&activeTab=summary,,Smallscale major dwellings,13/12/2016,No,52,,,,,,,,,,,,
15/66621/FULEIA,Salford,https://publicaccess.salford.gov.uk/publicaccess/applicationDetails.do?keyVal=NQK43LNP00B00&activeTab=summary,,Largescale major dwellings,02/12/2016,Unclear,694,,,,,,,,,,,,
112320/FO/2016/S2,Manchester,https://pa.manchester.gov.uk/online-applications/applicationDetails.do?keyVal=O7U8IQBC6K000&activeTab=summary,,Smallscale major dwellings,30/11/2016,Yes ONLY,45,45,0,1,0,1,0,Onsite,53.391532,-2.271101,Yes,,
113914/FO/2016,Manchester,https://pa.manchester.gov.uk/online-applications/applicationDetails.do?keyVal=ODHNFYBC01D00&activeTab=summary,,Smallscale major dwellings,21/11/2016,No,192,,,,,,,,53.471988,-2.251149,,,
111587/FO/2016/N1,Manchester,https://pa.manchester.gov.uk/online-applications/applicationDetails.do?keyVal=O44GZ8BC6K000&activeTab=summary,,Largescale major dwellings,18/11/2016,Unclear,104,,,,,,,,,,,,
16/68510/FUL,Salford,https://publicaccess.salford.gov.uk/publicaccess/applicationDetails.do?keyVal=OA1CUZNPIMP00&activeTab=summary,,Major-Small Scale Dwellings,18/11/2016,n/a,16,,,,,,,,,,,,
112075/FO/2016/S1,Manchester,https://pa.manchester.gov.uk/online-applications/applicationDetails.do?keyVal=O6R2IRBC6K000&activeTab=summary,,Smallscale major dwellings,10/11/2016,No,42,,,,,,,,53.459412,-2.255182,,,
111296/FO/2016/S2,Manchester,https://pa.manchester.gov.uk/online-applications/applicationDetails.do?keyVal=O2MZY9BC6K000&activeTab=summary,,Smallscale major dwellings,01/11/2016,Unclear,17,,,,,,,,,,,,
112305/FO/2016/N1,Manchester,https://pa.manchester.gov.uk/online-applications/applicationDetails.do?keyVal=O7TQ64BC6K000&activeTab=summary,,Smallscale major dwellings,25/10/2016,No,73,,,,,,,,53.48863,-2.218007,Yes,,
04/49623/OUT,Salford,https://publicaccess.salford.gov.uk/publicaccess/applicationDetails.do?keyVal=0449623OUT&activeTab=summary,,Major-Small Scale Dwellings,14/10/2016,n/a,,,,,,,,,,,,,Under 25
112390/FO/2016/S2,Manchester,https://pa.manchester.gov.uk/online-applications/applicationDetails.do?keyVal=O8C8W8BC6K000&activeTab=summary,https://pa.manchester.gov.uk/online-applications/applicationDetails.do?activeTab=documents&keyVal=O8C8W8BC6K000,Smallscale major dwellings,13/10/2016,n/a,,,,,,,,,,,,,Under 15 units
15/67048/FUL,Salford,https://publicaccess.salford.gov.uk/publicaccess/applicationDetails.do?keyVal=NV66B3NPH8200&activeTab=summary,,Major-Small Scale Dwellings,11/10/2016,No,142,,,,,,,,53.4799,-2.26671,,,
111777/FO/2016/C1,Manchester,https://pa.manchester.gov.uk/online-applications/applicationDetails.do?keyVal=O55QNLBC6K000&activeTab=summary,,Largescale major dwellings,29/09/2016,No,520,,,,,,,,,,,,
112034/FO/2016/C2,Manchester,https://pa.manchester.gov.uk/online-applications/applicationDetails.do?keyVal=O6LL9IBC03O00&activeTab=summary,,Largescale major dwellings,28/09/2016,No,478,,,,,,,,,,,,
16/67779/FULEIA,Salford,https://publicaccess.salford.gov.uk/publicaccess/applicationDetails.do?keyVal=O2U6CFNPHY100&activeTab=summary,,Largescale major dwellings,28/09/2016,Unclear,318,,,,,,,,,,,,
112658/FO/2016/N1,Manchester,https://pa.manchester.gov.uk/online-applications/applicationDetails.do?keyVal=O9J2DDBC01D00&activeTab=summary,,Largescale major dwellings,27/09/2016,No,201,,,,,,,,,,,,
111605/FO/2016/N2,Manchester,https://pa.manchester.gov.uk/online-applications/applicationDetails.do?keyVal=O46BN0BC6K000&activeTab=summary,,Smallscale major dwellings,26/09/2016,No,24,,,,,,,,,,,,
111424/FO/2016/C1,Manchester,https://pa.manchester.gov.uk/online-applications/applicationDetails.do?keyVal=O3COYNBC6K000&activeTab=summary,,Smallscale major dwellings,23/09/2016,Unclear,42,,,,,,,,,,,,
14/64798/OUT,Salford,https://publicaccess.salford.gov.uk/publicaccess/applicationDetails.do?keyVal=N5CJPCNP5Y000&activeTab=summary,,Major-Small Scale Dwellings,19/09/2016,Yes,42,8,0,0,1,0,1,Onsite,53.489379,-2.267802,Go to the site ,,
112150/JO/2016/S1,Manchester,https://pa.manchester.gov.uk/online-applications/applicationDetails.do?keyVal=O73SUCBC6K000&activeTab=summary,https://pa.manchester.gov.uk/online-applications/applicationDetails.do?activeTab=documents&keyVal=O73SUCBC6K000,Smallscale major dwellings,15/09/2016,n/a,,,,,,,,,,,,,Changing apartments into a few more 
113269/FO/2016,Manchester,https://pa.manchester.gov.uk/online-applications/applicationDetails.do?keyVal=OA91BEBCFYW00&activeTab=summary,,Largescale major dwellings,07/09/2016,Unclear,20,,,,,,,,,,,,
107804/FO/2015/N1,Manchester,https://pa.manchester.gov.uk/online-applications/applicationDetails.do?keyVal=NHWUZHBC05D00&activeTab=summary,https://pa.manchester.gov.uk/online-applications/applicationDetails.do?activeTab=documents&keyVal=NHWUZHBC05D00,Smallscale major dwellings,05/09/2016,n/a,,,,,,,,,,,,,Under 15 units
110074/FO/2015/C2,Manchester,https://pa.manchester.gov.uk/online-applications/applicationDetails.do?keyVal=NURNXKBC05D00&activeTab=summary,,Largescale major dwellings,30/08/2016,Unclear,100,,,,,,,,,,,,
112067/FO/2016/N2,Manchester,https://pa.manchester.gov.uk/online-applications/applicationDetails.do?keyVal=O6PDNWBC03M00&activeTab=summary,,Smallscale major dwellings,26/08/2016,Unclear,19,,,,,,,,,,,,
109777/OO/2015/S1,Manchester,https://pa.manchester.gov.uk/online-applications/applicationDetails.do?keyVal=NT0YK8BC6K000&activeTab=summary,,Smallscale major dwellings,26/08/2016,Unclear,79,,,,,,,,,,,,
111282/FO/2016/S1,Manchester,https://pa.manchester.gov.uk/online-applications/applicationDetails.do?keyVal=O2KWZGBC6K000&activeTab=summary,,Smallscale major dwellings,01/08/2016,Unclear,210,,,,,,,,,,,,
112015/FO/2016/N1,Manchester,https://pa.manchester.gov.uk/online-applications/applicationDetails.do?keyVal=O6EAZ2BC01D00&activeTab=summary,,Largescale major dwellings,29/07/2016,No,274,,,,,,,,53.486004,-2.231299,,,
15/66199/FUL,Salford,https://publicaccess.salford.gov.uk/publicaccess/applicationDetails.do?keyVal=NM4T77NP00300&activeTab=summary,,Major-Small Scale Dwellings,29/07/2016,Paid under S106,171,,,,,,,,53.489225,-2.250276,,,
111739/FO/2016/S1,Manchester,https://pa.manchester.gov.uk/online-applications/applicationDetails.do?keyVal=O4Y3ATBC01W00&activeTab=summary,,Smallscale major dwellings,28/07/2016,Unclear,54,,,,,,,,,,,,
16/68181/FUL,Salford,https://publicaccess.salford.gov.uk/publicaccess/applicationDetails.do?keyVal=O6SOVLNPIBG00&activeTab=summary,,Major-Small Scale Dwellings,28/07/2016,No,191,,,,,,,,53.471141,-2.28228,,,
16/67780/FULEIA,Salford,https://publicaccess.salford.gov.uk/publicaccess/applicationDetails.do?keyVal=O2U6CINPHY200&activeTab=summary,,Major-Small Scale Dwellings,15/07/2016,n/a,,,,,,,,,,,,,Under 25
15/67040/FUL,Salford,https://publicaccess.salford.gov.uk/publicaccess/applicationDetails.do?keyVal=NV4BJTNPH7U00&activeTab=summary,,Major-Small Scale Dwellings,11/07/2016,Unclear,92,,,,,,,,,,,,
111274/FO/2016/C2,Manchester,https://pa.manchester.gov.uk/online-applications/applicationDetails.do?keyVal=O2FO4GBC6K000&activeTab=summary,,Smallscale major dwellings,07/07/2016,Unclear,42,,,,,,,,,,,,
111719/FO/2016/C1,Manchester,https://pa.manchester.gov.uk/online-applications/applicationDetails.do?keyVal=O4UWG8BC01D00&activeTab=summary,,Largescale major dwellings,04/07/2016,No,1508,,,,,,,,53.471973,-2.251135,,,
111027/FO/2016/C1,Manchester,https://pa.manchester.gov.uk/online-applications/applicationDetails.do?keyVal=O16WXEBC6K000&activeTab=summary,,Largescale major dwellings,01/07/2016,Unclear,677,,,,,,,,,,,,
111026/FO/2016/C1,Manchester,https://pa.manchester.gov.uk/online-applications/applicationDetails.do?keyVal=O16WXABC6K000&activeTab=summary,,Largescale major dwellings,01/07/2016,Unclear,411,,,,,,,,,,,,
111175/FO/2016/C1,Manchester,https://pa.manchester.gov.uk/online-applications/applicationDetails.do?keyVal=O20KJZBC05D00&activeTab=summary,https://pa.manchester.gov.uk/online-applications/applicationDetails.do?activeTab=documents&keyVal=O20KJZBC05D00,Smallscale major dwellings,01/07/2016,n/a,11,,,,,,,,,,,,
111347/FO/2016/N1,Manchester,https://pa.manchester.gov.uk/online-applications/applicationDetails.do?keyVal=O2XVNNBC6K000&activeTab=summary,,Largescale major dwellings,30/06/2016,No,466,,,,,,,,,,,,
111403/MO/2016/N2,Manchester,https://pa.manchester.gov.uk/online-applications/applicationDetails.do?keyVal=O35A9YBC6K000&activeTab=summary,,Smallscale major dwellings,22/06/2016,Unclear,48,,,,,,,,,,,,
15/66785/FUL,Salford,https://publicaccess.salford.gov.uk/publicaccess/applicationDetails.do?keyVal=NSE68GNPGYY00&activeTab=summary,,Major-Small Scale Dwellings,14/06/2016,n/a,,,,,,,,,,,,,S106 agreement sees to include affordable housing provision but I can't see details of this
111422/FO/2016/S2,Manchester,https://pa.manchester.gov.uk/online-applications/applicationDetails.do?keyVal=O3BDQ8BC6K000&activeTab=summary,https://pa.manchester.gov.uk/online-applications/applicationDetails.do?activeTab=documents&keyVal=O3BDQ8BC6K000,Smallscale major dwellings,10/06/2016,n/a,,,,,,,,,,,,,Under 15 units
110739/FO/2015/S2,Manchester,https://pa.manchester.gov.uk/online-applications/applicationDetails.do?keyVal=NYZGRUBC6K000&activeTab=summary,,Smallscale major dwellings,08/06/2016,Unclear,33,,,,,,,,,,,,
111404/MO/2016/N2,Manchester,https://pa.manchester.gov.uk/online-applications/applicationDetails.do?keyVal=O35AANBC6K000&activeTab=summary,https://pa.manchester.gov.uk/online-applications/applicationDetails.do?activeTab=documents&keyVal=O35AANBC6K000,Smallscale major dwellings,07/06/2016,n/a,,,,,,,,,,,,,Under 15 units
111170/FO/2016/C1,Manchester,https://pa.manchester.gov.uk/online-applications/applicationDetails.do?keyVal=O20JLIBC6K000&activeTab=summary,,Largescale major dwellings,06/06/2016,No,624,,,,,,,,,,,,
111742/FO/2016/N1,Manchester,https://pa.manchester.gov.uk/online-applications/applicationDetails.do?keyVal=O4Y8T4BC01D00&activeTab=summary,,Largescale major dwellings,03/06/2016,No,199,,,,,,,,,,,,
111616/FO/2016/N1,Manchester,https://pa.manchester.gov.uk/online-applications/applicationDetails.do?keyVal=O486B9BC6K000&activeTab=summary,,Smallscale major dwellings,03/06/2016,Unclear,32,,,,,,,,,,,,
15/66855/FUL,Salford,https://publicaccess.salford.gov.uk/publicaccess/applicationDetails.do?keyVal=NT291ANPH1B00&activeTab=summary,,Major-Small Scale Dwellings,06/05/2016,n/a,,,,,,,,,,,,,Under 25
15/66520/FUL,Salford,https://publicaccess.salford.gov.uk/publicaccess/applicationDetails.do?keyVal=NPIGXZNPGPX00&activeTab=summary,,Largescale major dwellings,22/04/2016,No,383,,,,,,,,53.485553,-2.265055,,,
111276/FO/2016/C2,Manchester,https://pa.manchester.gov.uk/online-applications/applicationDetails.do?keyVal=O2FO5LBC6K000&activeTab=summary,,Smallscale major dwellings,14/04/2016,No,135,,,,,,,,,,,,
111003/FO/2016/C1,Manchester,https://pa.manchester.gov.uk/online-applications/applicationDetails.do?keyVal=O102ZYBC03M00&activeTab=summary,,Largescale major dwellings,11/04/2016,No,327,,,,,,,,,,,,
15/67356/FUL,Salford,https://publicaccess.salford.gov.uk/publicaccess/applicationDetails.do?keyVal=NYB7UHNPHIW00&activeTab=summary,,Largescale major dwellings,11/04/2016,Unclear,399,,,,,,,,,,,,
111182/FO/2016/S1,Manchester,https://pa.manchester.gov.uk/online-applications/applicationDetails.do?keyVal=O20ZH8BC0CT00&activeTab=summary,,Smallscale major dwellings,08/04/2016,Unclear,273,,,,,,,,,,,,
110776/FO/2015/C1,Manchester,https://pa.manchester.gov.uk/online-applications/applicationDetails.do?keyVal=NZ3IKOBC06N00&activeTab=summary,,Smallscale major dwellings,08/04/2016,Unclear,232,,,,,,,,,,,,
110189/FO/2015/C1,Manchester,https://pa.manchester.gov.uk/online-applications/applicationDetails.do?keyVal=NVJ7OXBC6K000&activeTab=summary,,Smallscale major dwellings,08/04/2016,Unclear,86,,,,,,,,,,,,
110814/FO/2015/N2,Manchester,https://pa.manchester.gov.uk/online-applications/applicationDetails.do?keyVal=NZEHKMBC6K000&activeTab=summary,,Smallscale major dwellings,31/03/2016,Unclear,18,,,,,,,,,,,,
15/67235/FUL,Salford,https://publicaccess.salford.gov.uk/publicaccess/applicationDetails.do?keyVal=NX0X2QNPHEH00&activeTab=summary,,Major-Small Scale Dwellings,31/03/2016,n/a,,,,,,,,,,,,,It says affordable housing is provided but not how much or what (onsite thought)
15/66823/OUT,Salford,https://publicaccess.salford.gov.uk/publicaccess/applicationDetails.do?keyVal=NSR51HNPH0300&activeTab=summary,,Largescale major dwellings,24/03/2016,No,246,,,,,,,,53.482307,-2.2656,,,
110898/FO/2015/S1,Manchester,https://pa.manchester.gov.uk/online-applications/applicationDetails.do?keyVal=NZV0U0BC01D00&activeTab=summary,,Smallscale major dwellings,18/03/2016,Unclear,17,,,,,,,,,,,,"Planning doc says ""The homes are designed for affordable purchase"""
15/66790/FUL,Salford,https://publicaccess.salford.gov.uk/publicaccess/applicationDetails.do?keyVal=NSE69INPGZ500&activeTab=summary,,Major-Small Scale Dwellings,16/03/2016,No,46,,,,,,,,,,,,
15/67387/HYB,Salford,https://publicaccess.salford.gov.uk/publicaccess/applicationDetails.do?keyVal=NYIMF9NPHJQ00&activeTab=summary,,Major-Small Scale Dwellings,15/03/2016,Yes,161,120,0,0,0,0,1,Onsite,53.513399,-2.345931,Go to the site (presumed yes),,
15/67254/EIAHYB,Salford,https://publicaccess.salford.gov.uk/publicaccess/applicationDetails.do?keyVal=NXA6D5NPHF100&activeTab=summary,,Largescale major dwellings,10/03/2016,Yes,430,63,0,1,0,0,1,,53.499779,-2.284323,Yes,,
110276/FO/2015/C2,Manchester,https://pa.manchester.gov.uk/online-applications/applicationDetails.do?keyVal=NVYHNMBC6K000&activeTab=summary,,Largescale major dwellings,04/03/2016,No,357,,,,,,,,,,,,
110730/FO/2015/C1,Manchester,https://pa.manchester.gov.uk/online-applications/applicationDetails.do?keyVal=NYZGOLBC6K000&activeTab=summary,,Smallscale major dwellings,04/03/2016,Unclear,53,,,,,,,,,,,,
107245/FO/2014/C2,Manchester,https://pa.manchester.gov.uk/online-applications/applicationDetails.do?keyVal=NE7DV9BC03M00&activeTab=summary,,Smallscale major dwellings,04/03/2016,No,34,,,,,,,,,,,,
15/66806/FUL,Salford,https://publicaccess.salford.gov.uk/publicaccess/applicationDetails.do?keyVal=NSLL0FNPGZL00&activeTab=summary,,Largescale major dwellings,04/03/2016,No,300,,,,,,,,53.487787,-2.24981,,,
110190/FO/2015/C2,Manchester,https://pa.manchester.gov.uk/online-applications/applicationDetails.do?keyVal=NVJAEPBC6K000&activeTab=summary,https://pa.manchester.gov.uk/online-applications/applicationDetails.do?activeTab=documents&keyVal=NVJAEPBC6K000,Smallscale major dwellings,03/03/2016,n/a,,,,,,,,,,,,,Under 15 units
110561/FO/2015/S2,Manchester,https://pa.manchester.gov.uk/online-applications/applicationDetails.do?keyVal=NXWH36BC6K000&activeTab=summary,https://pa.manchester.gov.uk/online-applications/applicationDetails.do?activeTab=documents&keyVal=NXWH36BC6K000,Smallscale major dwellings,02/03/2016,n/a,,,,,,,,,,,,,Under 15 units
14/65224/FUL,Salford,https://publicaccess.salford.gov.uk/publicaccess/applicationDetails.do?keyVal=NA6OZCNP00B00&activeTab=summary,,Largescale major dwellings,16/02/2016,No,995,,,,,,,,53.483632,-2.250573,,,
15/66953/FUL,Salford,https://publicaccess.salford.gov.uk/publicaccess/applicationDetails.do?keyVal=NUEEA1NPH4Z00&activeTab=summary,,Major-Small Scale Dwellings,12/02/2016,No,38,,,,,,,,,,,,
110105/FO/2015/S2,Manchester,https://pa.manchester.gov.uk/online-applications/applicationDetails.do?keyVal=NV12VTBC6K000&activeTab=summary,,Smallscale major dwellings,11/02/2016,Unclear,32,,,,,,,,,,,,
15/67275/FUL,Salford,https://publicaccess.salford.gov.uk/publicaccess/applicationDetails.do?keyVal=NXFQ9VNPHFP00&activeTab=summary,,Major-Small Scale Dwellings,10/02/2016,n/a,,,,,,,,,,,,,Extra care development 
109838/FO/2015/S2,Manchester,https://pa.manchester.gov.uk/online-applications/applicationDetails.do?keyVal=NTBT9DBC6K000&activeTab=summary,,Smallscale major dwellings,04/02/2016,Unclear,21,,,,,,,,,,,,
109784/FO/2015/C2,Manchester,https://pa.manchester.gov.uk/online-applications/applicationDetails.do?keyVal=NT28XOBC6K000&activeTab=summary,,Smallscale major dwellings,04/02/2016,No,119,,,,,,,,,,,,
108455/FO/2015/N1,Manchester,https://pa.manchester.gov.uk/online-applications/applicationDetails.do?keyVal=NLT7MEBC6K000&activeTab=summary,,Smallscale major dwellings,20/01/2016,Unclear,66,,,,,,,,,,,,
15/66900/FUL,Salford,https://publicaccess.salford.gov.uk/publicaccess/applicationDetails.do?keyVal=NTOGTINPH2Y00&activeTab=summary,,Major-Small Scale Dwellings,18/01/2016,n/a,,,,,,,,,,,,,Under 25
110346/FO/2015/C2,Manchester,https://pa.manchester.gov.uk/online-applications/applicationDetails.do?keyVal=NWIBGOBC6K000&activeTab=summary,,Largescale major dwellings,08/01/2016,No,238,,,,,,,,,,,,
110055/FO/2015/C1,Manchester,https://pa.manchester.gov.uk/online-applications/applicationDetails.do?keyVal=NUPI4JBC6K000&activeTab=summary,,Largescale major dwellings,08/01/2016,Unclear,604,,,,,,,,,,,,
110180/FO/2015/S1,Manchester,https://pa.manchester.gov.uk/online-applications/applicationDetails.do?keyVal=NVHA8HBC6K000&activeTab=summary,,Smallscale major dwellings,08/01/2016,No,105,,,,,,,,,,,,