case_number,filename,contains_affordable
120665/FO/2018,120665_FO_2018-ISSUE_SHEET-942385.pdf,False
120665/FO/2018,120665_FO_2018-PHASE_I_-_GEOENVIRONMENTAL_SITE_INVESTIGATION_REPORT-946662.pdf,False
120665/FO/2018,120665_FO_2018-SITE_PLAN-1000408.pdf,False
120665/FO/2018,120665_FO_2018-LEVEL_2-1000420.pdf,False
120665/FO/2018,120665_FO_2018-TRANSPORT_STATEMENT-942384.pdf,False
120665/FO/2018,120665_FO_2018-LANDSCAPING_DETAILS-942372.pdf,False
120665/FO/2018,120665_FO_2018-LANDSCAPING_DETAILS-942371.pdf,False
120665/FO/2018,120665_FO_2018-FLOOD_RISK_AND_DRAINAGE_STRATEGY-963563.pdf,False
120665/FO/2018,120665_FO_2018-LEVEL_0-1000458.pdf,False
120665/FO/2018,120665_FO_2018--942383.pdf,False
120665/FO/2018,120665_FO_2018-LEVEL_4-1000417.pdf,False
120665/FO/2018,120665_FO_2018-APPLICATION_FORM_-_WITHOUT_PERSONAL_DATA-942389.pdf,False
120665/FO/2018,120665_FO_2018-LEVEL_1-1000421.pdf,False
120665/FO/2018,120665_FO_2018-ACOUSTIC_REPORT-1450484.pdf,False
120665/FO/2018,120665_FO_2018-CRIME_IMPACT_STATEMENT-962003.pdf,False
120665/FO/2018,120665_FO_2018--942368.pdf,True
120665/FO/2018,120665_FO_2018-ELEVATIONS-1000389.pdf,False
120665/FO/2018,120665_FO_2018-PHASE_II_GEOENVIRONMENTAL_SITE_INVESTIGATION_REPORT-946665.pdf,False
120665/FO/2018,120665_FO_2018-LANDSCAPING_DETAILS-942370.pdf,False
120665/FO/2018,120665_FO_2018-NOISE_IMPACT_ASSESSMENT-942373.pdf,False
120665/FO/2018,120665_FO_2018-DRAWING_SCHEDULE-962008.pdf,False
120665/FO/2018,120665_FO_2018-STREET_ELEVATIONS_AND_SECTIONS-1000464.pdf,False
120665/FO/2018,120665_FO_2018-DECISION_NOTICE-1037840.pdf,False
120665/FO/2018,120665_FO_2018-LEVEL_3-1000419.pdf,False
120665/FO/2018,120665_FO_2018-WASTE_MANAGEMENT_PROFORMA-962005.pdf,False
120665/FO/2018,120665_FO_2018-FLOOD_RISK_ASSESSMENT-942369.pdf,False
120665/FO/2018,120665_FO_2018-WASTE_MANAGEMENT_STRATEGY-962006.pdf,False
120665/FO/2018,120665_FO_2018-SITE_PLAN_WITH_ROOF_PLAN-1000397.pdf,False
120099/FO/2018,120099_FO_2018-PREMIER_SUITES_GABLE_ELEVATION__CC_-908550.pdf,False
120099/FO/2018,120099_FO_2018-LAND_CONTAMINATION_ASSESSMENT-908542.pdf,False
120099/FO/2018,120099_FO_2018-2F___3F_PLANS-953070.pdf,False
120099/FO/2018,120099_FO_2018-GROUND_FLOOR_PLAN-908553.pdf,False
120099/FO/2018,120099_FO_2018-SHUDEHILL_ELEVATION-908559.pdf,False
120099/FO/2018,120099_FO_2018-SHUDEHILL_ELEVATION-953088.pdf,False
120099/FO/2018,120099_FO_2018-PLANNING_STATEMENT-923070.pdf,True
120099/FO/2018,120099_FO_2018-SHUDEHILL_ELEVATION__AA_-908548.pdf,False
120099/FO/2018,120099_FO_2018-SITE_PLAN-908552.pdf,False
120099/FO/2018,120099_FO_2018-SITE_PLAN-908547.pdf,False
120099/FO/2018,120099_FO_2018-_P__GABLE_ELEVATION-939364.pdf,False
120099/FO/2018,120099_FO_2018-SITE_PLAN___LOCATION_PLAN-908563.pdf,False
120099/FO/2018,120099_FO_2018-GABLE_ELEVATION-953092.pdf,False
120099/FO/2018,120099_FO_2018-BALCONY_DETAIL-939368.pdf,False
120099/FO/2018,120099_FO_2018-SHUDEHILL_GABLE_ELEVATION__DD_-908551.pdf,False
120099/FO/2018,120099_FO_2018-ROOF_PLAN-908561.pdf,False
120099/FO/2018,120099_FO_2018-ROOF_TERRACE-908556.pdf,False
120099/FO/2018,120099_FO_2018-APPLICATION_FORM_-_WITHOUT_PERSONAL_DATA-908567.pdf,False
120099/FO/2018,120099_FO_2018-SALMON_STREET_ELEVATION-908560.pdf,False
120099/FO/2018,120099_FO_2018-4F___5F_PLANS-953073.pdf,False
120099/FO/2018,120099_FO_2018-TYPICAL_SECTIONS-953100.pdf,False
120099/FO/2018,120099_FO_2018-SALMON_ST_ELEVATION-953090.pdf,False
120099/FO/2018,120099_FO_2018-DECISION_NOTICE-980909.pdf,False
120099/FO/2018,120099_FO_2018--923072.pdf,False
120099/FO/2018,120099_FO_2018-_P__GABLE_ELEVATION-939366.pdf,False
120099/FO/2018,120099_FO_2018-STUDIO_LAYOUT__2ND___4TH_-908555.pdf,False
120099/FO/2018,120099_FO_2018-X_SECTION_BB-908558.pdf,False
120099/FO/2018,120099_FO_2018-X_SECTION_AA-908557.pdf,False
120099/FO/2018,120099_FO_2018-ACOUSTIC_PLANNING_REPORT-908543.pdf,False
120099/FO/2018,120099_FO_2018-DRAWING_INFO_SHEET-908546.pdf,False
120099/FO/2018,120099_FO_2018-SALMON_STREET_ELEVATION__BB_-908549.pdf,False
120099/FO/2018,120099_FO_2018--908541.pdf,False
120099/FO/2018,120099_FO_2018-STUDIO_LAYOUT__1ST__3RD___5TH_-908554.pdf,False
120099/FO/2018,120099_FO_2018-SALMON_STREET-_GABLE_ELEVATION-953097.pdf,False
120099/FO/2018,120099_FO_2018-SALMON_STREET-_GABLE_ELEVATION-953093.pdf,False
120099/FO/2018,120099_FO_2018-ROOF_PLAN-953084.pdf,False
120099/FO/2018,120099_FO_2018-SITE_WASTE_MANAGEMENT_PLAN-908562.pdf,False
120099/FO/2018,120099_FO_2018-ELEVATIONS__BALCONY_DETAILS_AND_PLANTER_DETAILS-923076.pdf,False
120099/FO/2018,120099_FO_2018-CRIME_IMPACT_STATEMENT-908544.pdf,
120099/FO/2018,120099_FO_2018-AIR_QUALITY_ASSESSMENT-908540.pdf,False
120099/FO/2018,120099_FO_2018-GF___1F_PLANS-953069.pdf,False
119450/FO/2018,119450_FO_2018-HOUSE_TYPE_B_PLANS_AND_ELEVATIONS-873312.pdf,False
119450/FO/2018,119450_FO_2018-SITE_LAYOUT_GF_PLAN-873303.pdf,False
119450/FO/2018,119450_FO_2018-DAYLIGHT_ANALYSIS_-_OPTION_2-941698.pdf,False
119450/FO/2018,119450_FO_2018-COMMERCIAL_DRAINAGE_AND_WATER_ENQUIRY-873321.pdf,False
119450/FO/2018,119450_FO_2018-ELEVATION_-_BURTON_ROAD-873315.pdf,False
119450/FO/2018,119450_FO_2018-PRELIMINARY_ECOLOGY_ASSESSMENT-960869.pdf,False
119450/FO/2018,119450_FO_2018-APPLICATION_FORM_-_WITHOUT_PERSONAL_DATA-873327.pdf,False
119450/FO/2018,119450_FO_2018-CRIME_IMPACT_STATEMENT-873323.pdf,
119450/FO/2018,119450_FO_2018-DAYLIGHT_ANALYSIS-941706.pdf,False
119450/FO/2018,119450_FO_2018-LOCAL_AUTHORITY_SEARCH-873322.pdf,True
119450/FO/2018,119450_FO_2018-EXISTING-873298.pdf,False
119450/FO/2018,119450_FO_2018-HOUSE_TYPE_C_PLANS_AND_ELEVATIONS-873310.pdf,False
119450/FO/2018,119450_FO_2018-ELEVATION_-_FROM_FOOTPATH-873314.pdf,False
119450/FO/2018,119450_FO_2018-SITE_LAYOUT_2F_PLAN-873309.pdf,False
119450/FO/2018,119450_FO_2018-HERITAGE_STATEMENT-873294.pdf,False
119450/FO/2018,119450_FO_2018-ARCHAEOLOGICAL_DESK-BASED_ASSESSMENT-929244.pdf,False
119450/FO/2018,119450_FO_2018-PLANNING_STATEMENT_-_REVISED-874666.pdf,False
119450/FO/2018,119450_FO_2018-NOISE_IMPACT_ASSESSMENT-873296.pdf,False
119450/FO/2018,119450_FO_2018-CONTEXT_ELEVATION_BURTON_RD-873313.pdf,False
119450/FO/2018,119450_FO_2018-AIR_QUALITY_ASSESSMENT-929131.pdf,False
119450/FO/2018,119450_FO_2018-UU_COMMERCIAL_DRAINAGE_AND_WATER_ENQUIRY-929291.pdf,False
119450/FO/2018,119450_FO_2018-TRANSPORT_STATEMENT-873318.pdf,False
119450/FO/2018,119450_FO_2018-PLANNING_CHECKLIST-929246.pdf,False
119450/FO/2018,119450_FO_2018-TOPOGRAPHICAL_SURVEY-929129.pdf,False
119450/FO/2018,119450_FO_2018-ECOLOGICAL_ASSESSMENT-873289.pdf,False
119450/FO/2018,119450_FO_2018-ENVIRONMENTAL_STANDARDS_STATEMENT-873293.pdf,False
119450/FO/2018,119450_FO_2018-DRAINAGE_STRATEGY-938404.pdf,False
119450/FO/2018,119450_FO_2018-DECISION_NOTICE-988712.pdf,False
119450/FO/2018,119450_FO_2018-ELEVATIONS-873299.pdf,False
119450/FO/2018,119450_FO_2018-HOUSE_TYPE_D_PLANS_AND_ELEVATIONS-929277.pdf,False
119450/FO/2018,119450_FO_2018-PLANTING_PLAN-873295.pdf,
119450/FO/2018,119450_FO_2018-THE_LOCATION_PLAN-873317.pdf,False
119450/FO/2018,119450_FO_2018-ARBORICULTURAL_IMPACT_ASSESSMENT-873319.pdf,False
119450/FO/2018,119450_FO_2018-PROPOSED-948265.pdf,False
119450/FO/2018,119450_FO_2018-HOUSE_TYPE_A_PLANS_AND_ELEVATIONS-873304.pdf,False
119450/FO/2018,119450_FO_2018-SITE_SECTION-873308.pdf,False
119450/FO/2018,119450_FO_2018-HOUSE_TYPE_A_VARIANT_PLANS_AND_ELEVATIONS-873311.pdf,False
119450/FO/2018,119450_FO_2018-FLOODING_AND_CONTAMINATED_LAND-873320.pdf,True
119450/FO/2018,119450_FO_2018-DRAINAGE_STRATEGY_PLAN-873302.pdf,False
119450/FO/2018,119450_FO_2018-ELEVATION_-_DARLINGTON_ROAD-873316.pdf,False
119450/FO/2018,119450_FO_2018-REV_A-942653.pdf,True
119450/FO/2018,119450_FO_2018-OMI_BURTON_ROAD_BRIXTON_AVENUE_DISTANCES-873306.pdf,False
119450/FO/2018,119450_FO_2018-DAY_LIGHT_ANALYSIS-941692.pdf,False
119450/FO/2018,119450_FO_2018-ARBORICULTURAL_MONITORING_SCHEDULE-929146.pdf,False
119450/FO/2018,119450_FO_2018-SITE_LAYOUT_FF_PLAN-873300.pdf,False
119450/FO/2018,119450_FO_2018-BOUNDARY_TREATMENTS-873307.pdf,False
119450/FO/2018,119450_FO_2018-WASTE_MANAGEMENT_PLAN-873301.pdf,False
119450/FO/2018,119450_FO_2018-DAYLIGHT_ANALYSIS_-_OPTION_1-941675.pdf,False
117470/FO/2017,117470_FO_2017-CRIME_IMPACT_STATEMENT-782455.pdf,False
117470/FO/2017,117470_FO_2017-FLOOR_PLANS-934237.pdf,
117470/FO/2017,117470_FO_2017-LOCATION_AND_BLOCK_PLAN_AS_EXISTING-782452.pdf,
117470/FO/2017,117470_FO_2017-FIRST_SECOND_THIRD_FLOOR_ELEVATIONS-782447.pdf,False
117470/FO/2017,117470_FO_2017-NOISE_IMPACT_ASSESSMENT-782442.pdf,False
117470/FO/2017,117470_FO_2017-APPLICATION_FORM_-_WITHOUT_PERSONAL_DATA-782460.pdf,False
117470/FO/2017,117470_FO_2017-SITE_PLAN-782444.pdf,False
117470/FO/2017,117470_FO_2017-TOPO_1__CPLS_A0-934250.pdf,
117470/FO/2017,117470_FO_2017-LAND_CONTAMINATION_ASSESSMENT-782441.pdf,False
117470/FO/2017,117470_FO_2017-DAYLIGHT_AND_SUNLIGHT_ASSESSMENT-928892.pdf,
117470/FO/2017,117470_FO_2017-BC_DRAINAGE_INSTALLATION_INSPECTION-1841830.pdf,False
117470/FO/2017,117470_FO_2017-FOURTH_FLOOR_ELEVATIONS-782448.pdf,False
117470/FO/2017,117470_FO_2017-PLANNING_STATEMENT-782443.pdf,True
117470/FO/2017,117470_FO_2017-ELEVATIONS_AND_STREET_SCENE-782450.pdf,
117470/FO/2017,117470_FO_2017-WASTE_MANAGEMENT_STRATEGY-782456.pdf,False
117470/FO/2017,117470_FO_2017-BREEAM_REPORT-782454.pdf,False
117470/FO/2017,117470_FO_2017-AIR_QUALITY_ASSESSMENT-809470.pdf,False
117470/FO/2017,117470_FO_2017-DECISION_NOTICE-1011560.pdf,False
117470/FO/2017,117470_FO_2017-DESIGN___ACCESS_STATEMENT-782440.pdf,False
117470/FO/2017,117470_FO_2017-PENTHOUSE_FLOOR_PLAN-782449.pdf,False
117470/FO/2017,117470_FO_2017-DRAINAGE_DOCUMENTATION-782461.pdf,False
117470/FO/2017,117470_FO_2017-TRANSPORT_ASSESSMENT-782453.pdf,False
117470/FO/2017,117470_FO_2017-ELEVATIONS_AND_STREET_SCENE-782451.pdf,
117470/FO/2017,117470_FO_2017-CRIME_IMPACT_STATEMENT-782455.pdf,False
117470/FO/2017,117470_FO_2017-FLOOR_PLANS-934237.pdf,
117470/FO/2017,117470_FO_2017-LOCATION_AND_BLOCK_PLAN_AS_EXISTING-782452.pdf,
117470/FO/2017,117470_FO_2017-FIRST_SECOND_THIRD_FLOOR_ELEVATIONS-782447.pdf,False
117470/FO/2017,117470_FO_2017-NOISE_IMPACT_ASSESSMENT-782442.pdf,False
117470/FO/2017,117470_FO_2017-APPLICATION_FORM_-_WITHOUT_PERSONAL_DATA-782460.pdf,False
117470/FO/2017,117470_FO_2017-SITE_PLAN-782444.pdf,False
117470/FO/2017,117470_FO_2017-TOPO_1__CPLS_A0-934250.pdf,
117470/FO/2017,117470_FO_2017-LAND_CONTAMINATION_ASSESSMENT-782441.pdf,False
117470/FO/2017,117470_FO_2017-DAYLIGHT_AND_SUNLIGHT_ASSESSMENT-928892.pdf,
117470/FO/2017,117470_FO_2017-BC_DRAINAGE_INSTALLATION_INSPECTION-1841830.pdf,False
117470/FO/2017,117470_FO_2017-FOURTH_FLOOR_ELEVATIONS-782448.pdf,False
117470/FO/2017,117470_FO_2017-PLANNING_STATEMENT-782443.pdf,True
117470/FO/2017,117470_FO_2017-ELEVATIONS_AND_STREET_SCENE-782450.pdf,
117470/FO/2017,117470_FO_2017-WASTE_MANAGEMENT_STRATEGY-782456.pdf,False
117470/FO/2017,117470_FO_2017-BREEAM_REPORT-782454.pdf,False
117470/FO/2017,117470_FO_2017-AIR_QUALITY_ASSESSMENT-809470.pdf,False
117470/FO/2017,117470_FO_2017-DECISION_NOTICE-1011560.pdf,False
117470/FO/2017,117470_FO_2017-DESIGN___ACCESS_STATEMENT-782440.pdf,False
117470/FO/2017,117470_FO_2017-PENTHOUSE_FLOOR_PLAN-782449.pdf,False
117470/FO/2017,117470_FO_2017-DRAINAGE_DOCUMENTATION-782461.pdf,False
117470/FO/2017,117470_FO_2017-TRANSPORT_ASSESSMENT-782453.pdf,False
117470/FO/2017,117470_FO_2017-ELEVATIONS_AND_STREET_SCENE-782451.pdf,
119497/FO/2018,119497_FO_2018-APPLICATION_FORM_-_WITHOUT_PERSONAL_DATA-875312.pdf,False
119497/FO/2018,119497_FO_2018-THE_LOCATION_PLAN-875302.pdf,False
119497/FO/2018,119497_FO_2018-DRAINAGE_STRATEGY-946622.pdf,False
119497/FO/2018,119497_FO_2018-SITE_SECTIONS-875287.pdf,False
119497/FO/2018,119497_FO_2018-VIEW_OF_JUNCTION-875296.pdf,False
119497/FO/2018,119497_FO_2018-ECOLOGICAL_APPRAISAL-875307.pdf,False
119497/FO/2018,119497_FO_2018-CRIME_IMPACT_STATEMENT-875306.pdf,False
119497/FO/2018,119497_FO_2018-BLOCK_5_FLOOR_PLANS__ELEVATIONS_AND_3D_VIEW-875293.pdf,False
119497/FO/2018,119497_FO_2018-BLOCK_1_FLOOR_PLANS__ELEVATIONS_AND_3D_VIEW-875289.pdf,False
119497/FO/2018,119497_FO_2018-VIEW_FROM_YEWTREE_LANE-875295.pdf,False
119497/FO/2018,119497_FO_2018-EXISTING_DRAINAGE-875313.pdf,False
119497/FO/2018,119497_FO_2018-PHASE_I_GEO-ENVIRONMENTAL_SITE_ASSESSMENT-878780.pdf,False
119497/FO/2018,119497_FO_2018-BLOCK_4_FLOOR_PLANS__ELEVATIONS_AND_3D_VIEW-875292.pdf,False
119497/FO/2018,119497_FO_2018-3D_SITE_AXONOMETRIC-875288.pdf,False
119497/FO/2018,119497_FO_2018-DECISION_NOTICE-1008336.pdf,False
119497/FO/2018,119497_FO_2018-SITE_ROOF_PLAN-875298.pdf,False
119497/FO/2018,119497_FO_2018-BLOCK_6_FLOOR_PLANS__ELEVATIONS_AND_3D_VIEW-875294.pdf,False
119497/FO/2018,119497_FO_2018-DETAILED_PLANTING_PROPOSALS-875286.pdf,False
119497/FO/2018,119497_FO_2018-TRANSPORT_STATEMENT-875303.pdf,False
119497/FO/2018,119497_FO_2018-ARBORICULTURAL_METHOD_STATEMENT-875305.pdf,False
119497/FO/2018,119497_FO_2018-WASTE_MANAGEMENT_PROFORMA-875308.pdf,False
119497/FO/2018,119497_FO_2018-ENERGY_STATEMENT-875301.pdf,False
119497/FO/2018,119497_FO_2018-BLOCK_2_FLOOR_PLANS__ELEVATIONS_AND_3D_VIEW-875290.pdf,False
119497/FO/2018,119497_FO_2018-LANDSCAPE_GA-875285.pdf,False
119497/FO/2018,119497_FO_2018-DESIGN___ACCESS_STATEMENT-875284.pdf,True
119497/FO/2018,119497_FO_2018-SITE_BOUNDARY_TREATMENTS-875299.pdf,False
119497/FO/2018,119497_FO_2018-ARBORICULTURAL_IMPACT_ASSESSMENT-875304.pdf,False
119497/FO/2018,119497_FO_2018-EXISTING_TOPOGRAPHIC_SURVEY-875300.pdf,False
119497/FO/2018,119497_FO_2018-PROPOSED_SITE_PLAN_WITH_OWNERSHIP_AREAS-875297.pdf,False
117208/FO/2017,117208_FO_2017-AXONOMETRIC_VIEW-771247.pdf,False
117208/FO/2017,117208_FO_2017-AIR_QUALITY_ASSESSMENT-792783.pdf,False
117208/FO/2017,117208_FO_2017-FIRST_AND_SECOND_FLOOR_PLANS-771239.pdf,False
117208/FO/2017,117208_FO_2017-THE_LOCATION_PLAN-771250.pdf,False
117208/FO/2017,117208_FO_2017-EAST_AND_WEST_ELEVATIONS-771243.pdf,False
117208/FO/2017,117208_FO_2017-STREET_ELEVATIONS-771241.pdf,False
117208/FO/2017,117208_FO_2017-CONTAMINATED_LAND-792796.pdf,False
117208/FO/2017,117208_FO_2017-BUILDING_USES_SITE_PLAN-771249.pdf,False
117208/FO/2017,117208_FO_2017-DRAINAGE_STRATEGY-792790.pdf,False
117208/FO/2017,117208_FO_2017-PRELIMINARY_CONTAMINATED_LAND-841403.pdf,False
117208/FO/2017,117208_FO_2017-3D_VIEWS-771245.pdf,False
117208/FO/2017,117208_FO_2017-REVISION_A-771235.pdf,False
117208/FO/2017,117208_FO_2017-SITE_TOPO_PLAN-771248.pdf,False
117208/FO/2017,117208_FO_2017-THIRD_FLOOR_PLAN-771240.pdf,False
117208/FO/2017,117208_FO_2017-NORTH___SOUTH_ELEVATIONS-889322.pdf,False
117208/FO/2017,117208_FO_2017-SECTION_AA___BB-771244.pdf,False
117208/FO/2017,117208_FO_2017-DECISION_NOTICE-919335.pdf,False
117208/FO/2017,117208_FO_2017-3D_VIEWS-771246.pdf,False
117208/FO/2017,117208_FO_2017-DRAINAGE_DETAILS-792791.pdf,False
117208/FO/2017,117208_FO_2017-SITE_PLAN-771237.pdf,False
117208/FO/2017,117208_FO_2017-PROPOSED_ATTENUATION_TANK_CALCULATIONS-792786.pdf,False
117208/FO/2017,117208_FO_2017-OROPOSED_GRENFIELD_RUNOFF-792789.pdf,False
117208/FO/2017,117208_FO_2017-ENVIRONMENTAL_AND_STANDARDS_REPORT-792801.pdf,False
117208/FO/2017,117208_FO_2017-LETTER-792782.pdf,False
117208/FO/2017,117208_FO_2017-APPLICATION_FORM_-_WITHOUT_PERSONAL_DATA-771255.pdf,False
117208/FO/2017,117208_FO_2017-MATERIAL_SCHEDULE-889321.pdf,False
117208/FO/2017,117208_FO_2017-ACCOMMODATION_SCEDULE-771236.pdf,False
117208/FO/2017,117208_FO_2017-NORTH_AND_SOUTH_ELEVATIONS-771242.pdf,False
117208/FO/2017,117208_FO_2017-STRATEGY_PROFORMA-771251.pdf,False
117208/FO/2017,117208_FO_2017-EXISTING_PEAK_SW_DISCHARGE-792787.pdf,False
117208/FO/2017,117208_FO_2017-CRIME_IMPACT_STATEMENT-792781.pdf,
117208/FO/2017,117208_FO_2017-GROUND_FLOOR_PLAN-771238.pdf,False
118156/FO/2017,118156_FO_2017--870740.pdf,False
118156/FO/2017,118156_FO_2017--865976.pdf,False
118156/FO/2017,118156_FO_2017-LAND_CONTAMINATION_ASSESSMENT-810077.pdf,False
118156/FO/2017,118156_FO_2017-ELEVATIONS-810074.pdf,False
118156/FO/2017,118156_FO_2017-ELEVATIONS-810070.pdf,False
118156/FO/2017,118156_FO_2017--810076.pdf,False
118156/FO/2017,118156_FO_2017-BLOCK_PLAN_AND_LOCATION_PLAN-810080.pdf,False
118156/FO/2017,118156_FO_2017-ELEVATIONS-810073.pdf,False
118156/FO/2017,118156_FO_2017-CRIME_IMPACT_STATEMENT-826417.pdf,False
118156/FO/2017,118156_FO_2017-DECISION_NOTICE-893377.pdf,False
118156/FO/2017,118156_FO_2017-PLANNING_STATEMENT-810078.pdf,True
118156/FO/2017,118156_FO_2017-FLOOR_PLAN-810075.pdf,False
118156/FO/2017,118156_FO_2017-SITE_PLAN-810079.pdf,False
118156/FO/2017,118156_FO_2017-APPLICATION_FORM_-_WITHOUT_PERSONAL_DATA-810086.pdf,False
118156/FO/2017,118156_FO_2017-ELEVATIONS-810072.pdf,False
118156/FO/2017,118156_FO_2017-SEPARATION_DISTANCE_PLAN-810071.pdf,False
118156/FO/2017,118156_FO_2017-BLOCK_A_TO_BLOCK_F_PLANS_AND_ELEVATIONS-865965.pdf,False
118156/FO/2017,118156_FO_2017-TRANSPORT_ASSESSMENT-810081.pdf,False
118156/FO/2017,118156_FO_2017-TOPOGRAPHICAL_SURVEY-810082.pdf,False
118156/FO/2017,118156_FO_2017-ELEVATIONS-870736.pdf,False
117371/FO/2017,117371_FO_2017-BAT_SURVEY-814159.pdf,False
117371/FO/2017,117371_FO_2017-EXISTING_SITE_PLAN-814128.pdf,False
117371/FO/2017,117371_FO_2017-CORRESPONDENCE_PROVIDING_CLIENT_ADDRESS-834863.pdf,False
117371/FO/2017,117371_FO_2017--814165.pdf,False
117371/FO/2017,117371_FO_2017-ENERGY_STATEMENT-814170.pdf,False
117371/FO/2017,117371_FO_2017-FLOOR_PLANS-778634.pdf,False
117371/FO/2017,117371_FO_2017-TRANSPORT_STATEMENT-830151.pdf,False
117371/FO/2017,117371_FO_2017-BREEAM_REPORT-814157.pdf,False
117371/FO/2017,117371_FO_2017-LOCAL_LABOUR_AGREEMENT-814162.pdf,False
117371/FO/2017,117371_FO_2017--814155.pdf,False
117371/FO/2017,117371_FO_2017-SECTIONS-778640.pdf,False
117371/FO/2017,117371_FO_2017--778641.pdf,False
117371/FO/2017,117371_FO_2017-FLOOR_PLANS-778637.pdf,False
117371/FO/2017,117371_FO_2017-DDA_COMPLIANT_UNITS_AND_ACCESS_ROUTES-814140.pdf,False
117371/FO/2017,117371_FO_2017-FRESHSTART_WASTE_-_QUOTE-814161.pdf,False
117371/FO/2017,117371_FO_2017-CIL_QUESTIONS-778630.pdf,False
117371/FO/2017,117371_FO_2017--778644.pdf,False
117371/FO/2017,117371_FO_2017-NOISE_IMPACT_ASSESSMENT_REPORT-814168.pdf,False
117371/FO/2017,117371_FO_2017-APARTMENT_SCHEDULE-778642.pdf,False
117371/FO/2017,117371_FO_2017-VENTILATION_STATEMENT-814171.pdf,False
117371/FO/2017,117371_FO_2017-ENABLING_WORKS-778632.pdf,False
117371/FO/2017,117371_FO_2017-ELEVATIONS-778639.pdf,False
117371/FO/2017,117371_FO_2017-SECTION_AND_ELEVATION_OVERLAY-778636.pdf,False
117371/FO/2017,117371_FO_2017-DECISION_NOTICE-890965.pdf,False
117371/FO/2017,117371_FO_2017-M___E_SERVICES_STRATEGY-830155.pdf,False
117371/FO/2017,117371_FO_2017-DRAWING_REGISTER_AND_DOCUMENT_ISSUE_SHEET-778643.pdf,False
117371/FO/2017,117371_FO_2017-PROPOSED_SITE_PLAN-814130.pdf,False
117371/FO/2017,117371_FO_2017-LETTER-814167.pdf,False
117371/FO/2017,117371_FO_2017-TRAVEL_PLAN-814169.pdf,False
117371/FO/2017,117371_FO_2017-ROSEVIEW_WINDOWS-894928.pdf,
117371/FO/2017,117371_FO_2017-CYCLE_STORE__BASEMENT_-814141.pdf,False
117371/FO/2017,117371_FO_2017-APARTMENT_SCHEDULE-814146.pdf,False
117371/FO/2017,117371_FO_2017-AIR_QUALITY_ASSESSMENT-814158.pdf,False
117371/FO/2017,117371_FO_2017-APPLICATION_FORM_-_WITHOUT_PERSONAL_DATA-778648.pdf,False
117371/FO/2017,117371_FO_2017-DRAWING_ISSUE_SHEET-814050.pdf,False
117371/FO/2017,117371_FO_2017-CRIME_IMPACT_STATEMENT-814166.pdf,False
117371/FO/2017,117371_FO_2017-REFUSE_STORE_LOWER_GF_-778638.pdf,False
117371/FO/2017,117371_FO_2017-ADDENDUM_NOISE_IMPACT_ASSESSMENT-892356.pdf,False
117371/FO/2017,117371_FO_2017-ELEVATIONS-778633.pdf,False
117371/FO/2017,117371_FO_2017--778631.pdf,False
117371/FO/2017,117371_FO_2017-ACCESS___REFUSE_COLLECTION-830162.pdf,False
117371/FO/2017,117371_FO_2017-SECTIONS_ILLUSTRATING_WINDOW_DEPTHS-814144.pdf,False
117371/FO/2017,117371_FO_2017-SECTIONS-778635.pdf,False
117371/FO/2017,117371_FO_2017-WINDOWS_BROCHURE-894930.pdf,False
117054/FO/2017,117054_FO_2017-VISUAL_2_-_STATION_APPROACH-768136.pdf,False
117054/FO/2017,117054_FO_2017-EAST_ELEVATION-768104.pdf,False
117054/FO/2017,117054_FO_2017-ES_VOL_3_TECHNICAL_APPENDICES-767413.pdf,False
117054/FO/2017,117054_FO_2017--767397.pdf,False
117054/FO/2017,117054_FO_2017-SECTION_AA-768130.pdf,False
117054/FO/2017,117054_FO_2017-WEST_ELEVATION-768107.pdf,False
117054/FO/2017,117054_FO_2017-TYPICAL_ELEVATION-768134.pdf,False
117054/FO/2017,117054_FO_2017-APPLICATION_FORM_-_WITHOUT_PERSONAL_DATA-764705.pdf,False
117054/FO/2017,117054_FO_2017-TYPICAL_ELEVATION-768132.pdf,False
117054/FO/2017,117054_FO_2017-VISUAL_1_-_OXFORD_ROAD-768135.pdf,False
117054/FO/2017,117054_FO_2017-LOWER_GROUND_PLAN-768115.pdf,False
117054/FO/2017,117054_FO_2017-ENVIRONMENTAL_STANDARDS_STATEMENT-767400.pdf,False
117054/FO/2017,117054_FO_2017-SECTION_BB-768131.pdf,False
117054/FO/2017,117054_FO_2017-STUDENT_MANAGEMENT_PLAN-767408.pdf,False
117054/FO/2017,117054_FO_2017-EXISTING_SITE_LAYOUT_PLAN-768102.pdf,False
117054/FO/2017,117054_FO_2017-SOUTH_EAST_ELEVATION-768106.pdf,False
117054/FO/2017,117054_FO_2017-WEST_ELEVATION-768101.pdf,False
117054/FO/2017,117054_FO_2017-PLANNING_STATEMENT-767405.pdf,True
117054/FO/2017,117054_FO_2017-LEVELS_06__08__10-768122.pdf,False
117054/FO/2017,117054_FO_2017-FRAMEWORK_TRAVEL_PLAN-767402.pdf,False
117054/FO/2017,117054_FO_2017-SITE_LOCATION_PLAN-767407.pdf,False
117054/FO/2017,117054_FO_2017-NORTH_ELEVATION-768105.pdf,False
117054/FO/2017,117054_FO_2017-LEVELS_02-768117.pdf,False
117054/FO/2017,117054_FO_2017-LEVELS_21__23-768127.pdf,False
117054/FO/2017,117054_FO_2017-LEVEL_03_PLAN-768113.pdf,False
117054/FO/2017,117054_FO_2017-LEVELS_13__15__19__27-768124.pdf,False
117054/FO/2017,117054_FO_2017-LEVEL_ROOF_PLAN-768116.pdf,False
117054/FO/2017,117054_FO_2017-DEMOLITION_STRATEGY_PLAN-767398.pdf,False
117054/FO/2017,117054_FO_2017-MECHANICAL___ELECTRICAL_REPORT-767404.pdf,False
117054/FO/2017,117054_FO_2017-FIRE_STRATEGY-767401.pdf,False
117054/FO/2017,117054_FO_2017-DECISION_NOTICE-830860.pdf,False
117054/FO/2017,117054_FO_2017-VISUAL_3_-_OXFORD_STREET-768137.pdf,False
117054/FO/2017,117054_FO_2017-TELECOMMUNICATIONS_ASSESSMENT-767409.pdf,False
117054/FO/2017,117054_FO_2017-LEVELS_14__16__18__26-768126.pdf,False
117054/FO/2017,117054_FO_2017-STATEMENT_OF_COMMUNITY_ENGAGEMENT-767406.pdf,False
117054/FO/2017,117054_FO_2017-LEVEL_01_PLAN-768112.pdf,False
117054/FO/2017,117054_FO_2017-LEVEL_30_PLAN-768114.pdf,False
117054/FO/2017,117054_FO_2017-COVERING_LETTER-767395.pdf,False
117054/FO/2017,117054_FO_2017-EAST_ELEVATION-768098.pdf,False
117054/FO/2017,117054_FO_2017-SOUTH_EAST_ELEVATION-768100.pdf,False
117054/FO/2017,117054_FO_2017-DEMOLITION_PLAN-768103.pdf,False
117054/FO/2017,117054_FO_2017-LEVELS_20__22-768129.pdf,False
117054/FO/2017,117054_FO_2017-ES_VOL_2_MAIN_TEXT-767412.pdf,True
117054/FO/2017,117054_FO_2017-LEVEL_00__GROUND_FLOOR__PLAN-768111.pdf,False
117054/FO/2017,117054_FO_2017-WASTE_STRATEGY-767403.pdf,False
117054/FO/2017,117054_FO_2017-NEIGHBOUR_NOTIFICATION-767454.pdf,False
117054/FO/2017,117054_FO_2017-ENERGY_STATEMENT-767399.pdf,False
117054/FO/2017,117054_FO_2017-LEVELS_05__07__09-768118.pdf,False
117054/FO/2017,117054_FO_2017-VENTILATION_STATEMENT-767410.pdf,False
117054/FO/2017,117054_FO_2017-NORTH_ELEVATION-768099.pdf,False
117054/FO/2017,117054_FO_2017-ES_VOL_1_NON_TECHNICAL_SUMMARY-767411.pdf,True
117054/FO/2017,117054_FO_2017-CRIME_IMPACT_STATEMENT-767396.pdf,False
117159/FO/2017,117159_FO_2017--769170.pdf,True
117159/FO/2017,117159_FO_2017-PLANNING_AND_OPEN_SPACE_STATEMENT-769162.pdf,True
117159/FO/2017,117159_FO_2017-CONSTRUCTION_DUST_REPORT-799958.pdf,False
117159/FO/2017,117159_FO_2017--769173.pdf,False
117159/FO/2017,117159_FO_2017-OBJECTS-912509.pdf,False
117159/FO/2017,117159_FO_2017-PHASE_1_GEOTECHNICAL_REPORT_OPT_PART_2-778394.pdf,False
117159/FO/2017,117159_FO_2017--769168.pdf,False
117159/FO/2017,117159_FO_2017--769172.pdf,False
117159/FO/2017,117159_FO_2017-PRELIMINARY_ROOST_FEATURE_INSPECTIONS-769167.pdf,False
117159/FO/2017,117159_FO_2017-PHASE_1_GEOTECHNICAL_REPORT_OPT_PART_5-778384.pdf,False
117159/FO/2017,117159_FO_2017-NEUTRAL-912497.pdf,False
117159/FO/2017,117159_FO_2017-PHASE_1_GEOTECHNICAL_REPORT_OPT_PART_3-778393.pdf,False
117159/FO/2017,117159_FO_2017--769171.pdf,False
117159/FO/2017,117159_FO_2017-PHOTOS-769177.pdf,False
117159/FO/2017,117159_FO_2017-NEUTRAL-912716.pdf,False
117159/FO/2017,117159_FO_2017-PHASE_1_GEOTECHNICAL_REPORT_OPT_PART_6-778383.pdf,False
117159/FO/2017,117159_FO_2017-OBJECTS-784115.pdf,False
117159/FO/2017,117159_FO_2017-OBJECTS-912487.pdf,False
117159/FO/2017,117159_FO_2017-PHASE_1_GEOTECHNICAL_REPORT_OPT_PART_1-778395.pdf,False
117159/FO/2017,117159_FO_2017-PHASE_1_GEOTECHNICAL_REPORT_OPT_PART_4-778385.pdf,False
117159/FO/2017,117159_FO_2017-STREET_VIEW-769176.pdf,False
117159/FO/2017,117159_FO_2017-APPLICATION_FORM_-_WITHOUT_PERSONAL_DATA-769181.pdf,False
117159/FO/2017,117159_FO_2017-PROPOSED_SITE_PLAN-769174.pdf,False
117159/FO/2017,117159_FO_2017--769163.pdf,False
117159/FO/2017,117159_FO_2017-CRIME_IMPACT_STATEMENT-769166.pdf,False
117159/FO/2017,117159_FO_2017--769169.pdf,False
117159/FO/2017,117159_FO_2017--769161.docx,False
117159/FO/2017,117159_FO_2017-SITE_PLAN-769175.pdf,False
117159/FO/2017,117159_FO_2017-NEUTRAL-912505.pdf,False
117159/FO/2017,117159_FO_2017-DECISION_NOTICE-813503.pdf,False
117159/FO/2017,117159_FO_2017-NOISE_MANAGEMENT_PLAN-913074.pdf,False
117159/FO/2017,117159_FO_2017-WASTE_MANAGEMENT_STRATEGY-777231.pdf,False
117159/FO/2017,117159_FO_2017--769165.pdf,False
117159/FO/2017,117159_FO_2017--769160.pdf,False
117159/FO/2017,117159_FO_2017-2B4P_HOUSE_TYPE-807980.pdf,False
116919/FO/2017,116919_FO_2017-DESIGN___ACCESS_STATEMENT-759674.pdf,False
116919/FO/2017,116919_FO_2017-SURVEY_OR_ARBORICULTURAL_IMPLICATIONS-760944.pdf,
116919/FO/2017,116919_FO_2017-TRANSPORT_STATEMENT-780393.pdf,False
116919/FO/2017,116919_FO_2017-DRAINAGE_DOCUMENTATION-759695.pdf,False
116919/FO/2017,116919_FO_2017-TRANSPORT_STATEMENT_APPENDIX_3-780396.pdf,False
116919/FO/2017,116919_FO_2017-GROUND_FLOOR_PLAN-760938.pdf,False
116919/FO/2017,116919_FO_2017-CIL_QUESTIONS-759672.pdf,True
116919/FO/2017,116919_FO_2017-APPLICATION_FORM_-_WITHOUT_PERSONAL_DATA-759694.pdf,False
116919/FO/2017,116919_FO_2017-CIL_QUESTIONS-759670.pdf,False
116919/FO/2017,116919_FO_2017-STREET_ELEVATIONSPLANS-760935.pdf,False
116919/FO/2017,116919_FO_2017-SITE_CLEARING_PLANS-760932.pdf,False
116919/FO/2017,116919_FO_2017-ELEVATIONS-760937.pdf,False
116919/FO/2017,116919_FO_2017-NOISE_IMPACT_ASSESSMENT-759675.pdf,False
116919/FO/2017,116919_FO_2017-TRANSPORT_STATEMENT_APPENDIX_1-780394.pdf,False
116919/FO/2017,116919_FO_2017-ELEVATIONS-760934.pdf,False
116919/FO/2017,116919_FO_2017-SITEPLANS-760931.pdf,False
116919/FO/2017,116919_FO_2017-DECISION_NOTICE-803288.pdf,False
116919/FO/2017,116919_FO_2017-FLOOR_PLANPLANS-760939.pdf,False
116919/FO/2017,116919_FO_2017-BOUNDARY_FENCE-760936.pdf,False
116919/FO/2017,116919_FO_2017--760943.pdf,False
116919/FO/2017,116919_FO_2017-TREE_SURVEY_OR_ARBORICULTURAL_IMPLICATIONS-760945.pdf,False
116919/FO/2017,116919_FO_2017-BIODIVERSITY_SURVEY_AND_REPORT-759669.pdf,False
116919/FO/2017,116919_FO_2017-CIL_QUESTIONS-759673.pdf,True
116919/FO/2017,116919_FO_2017-ELEVATIONS-760942.pdf,False
116919/FO/2017,116919_FO_2017-ELEVATIONS_PLANS-760933.pdf,False
116919/FO/2017,116919_FO_2017-CRIME_IMPACT_STATEMENT-781050.pdf,
116919/FO/2017,116919_FO_2017-TRANSPORT_STATEMENT_APPENDIX_2-780395.pdf,False
116919/FO/2017,116919_FO_2017-UNIT_FLOOR_PLANPLANS-760940.pdf,False
116919/FO/2017,116919_FO_2017-AMENDMENTA_SUMMARY_OF_THE_ATTACHMENTS_IN_THE_PROPOSAL-760946.pdf,False
116919/FO/2017,116919_FO_2017-UNIT_FLOOR_PLANPLANS-760941.pdf,False
116919/FO/2017,116919_FO_2017-AIR_QUALITY_ASSESSMENT-780392.pdf,False
116918/FO/2017,116918_FO_2017-NOISE_IMPACT_ASSESSMENT-759649.pdf,False
116918/FO/2017,116918_FO_2017-TRICS_CALCULATION-776868.pdf,False
116918/FO/2017,116918_FO_2017-PRE_PLANNING_METTING-767482.pdf,False
116918/FO/2017,116918_FO_2017-T3.1B2P_UNIT_FLOOR_PLAN_50M2-760727.pdf,False
116918/FO/2017,116918_FO_2017-DRAINAGE_STRATEGY_REPORT-759667.pdf,False
116918/FO/2017,116918_FO_2017-BOUNDARY_DETAILS-760724.pdf,False
116918/FO/2017,116918_FO_2017-WASTE_MANAGEMENT_STRATEGY-767514.pdf,False
116918/FO/2017,116918_FO_2017-T2.1B2P_UNIT_FLOOR_PLAN_50M2-760726.pdf,False
116918/FO/2017,116918_FO_2017-TRANSPORT_STATEMENT-776869.pdf,False
116918/FO/2017,116918_FO_2017-COMMUNAL_AREAS-760722.pdf,False
116918/FO/2017,116918_FO_2017-CRIME_IMPACT_STATEMENT-767483.pdf,
116918/FO/2017,116918_FO_2017-DECISION_NOTICE-800031.pdf,False
116918/FO/2017,116918_FO_2017-T4.1B2P_UNIT_FLOOR_PLAN_50M2-760728.pdf,False
116918/FO/2017,116918_FO_2017-T1.1B2P_UNIT_FLOOR_PLAN_50M2-760725.pdf,False
116918/FO/2017,116918_FO_2017-SITE_PLAN-760721.pdf,False
116918/FO/2017,116918_FO_2017-ARBORICULTURAL_REPORT-759661.pdf,
116918/FO/2017,116918_FO_2017-APPLICATION_FORM_-_WITHOUT_PERSONAL_DATA-759666.pdf,False
116918/FO/2017,116918_FO_2017-DESIGN___ACCESS_STATEMENT-759648.pdf,True
116918/FO/2017,116918_FO_2017-EXISTING_SITE_PLAN-760720.pdf,False
116918/FO/2017,116918_FO_2017-STREET_ELEVATIONS-760723.pdf,False
116918/FO/2017,116918_FO_2017-AIR_QUALITY_ASSESSMENT-776870.pdf,False
116918/FO/2017,116918_FO_2017-SITE_CLEARANCE-760729.pdf,False
116918/FO/2017,116918_FO_2017-ARBORICULTURAL_SURVEY-759662.pdf,False
116918/FO/2017,116918_FO_2017-ECOLOGICAL_IMPACT_ASSESSMENT-759643.pdf,False
116918/FO/2017,116918_FO_2017-LOCATION_PLAN-760730.pdf,False
117239/FO/2017,117239_FO_2017-ARBORICULTURAL_SURVEY-772659.pdf,False
117239/FO/2017,117239_FO_2017-BOUNDARY_DETAILS-772651.pdf,False
117239/FO/2017,117239_FO_2017-TRANSPORT_STATEMENT_APPENDIX_2-780934.pdf,False
117239/FO/2017,117239_FO_2017-DRAINAGE_STRATEGY_REPORT-772665.pdf,False
117239/FO/2017,117239_FO_2017--780937.pdf,False
117239/FO/2017,117239_FO_2017-WASTE_MANAGEMENT_DETAILS-772645.pdf,False
117239/FO/2017,117239_FO_2017-T2.1B2P_UNIT_FLOOR_PLAN-772656.pdf,False
117239/FO/2017,117239_FO_2017-APPLICATION_FORM_-_WITHOUT_PERSONAL_DATA-772664.pdf,False
117239/FO/2017,117239_FO_2017-T1.1B2P_UNIT_FLOOR_PLAN-772655.pdf,False
117239/FO/2017,117239_FO_2017-DESIGN___ACCESS_STATEMENT-772642.pdf,False
117239/FO/2017,117239_FO_2017-CIL_QUESTIONS-772639.pdf,False
117239/FO/2017,117239_FO_2017-EXISTING_SITE_PLAN-772644.pdf,False
117239/FO/2017,117239_FO_2017-WASTE_MANAGEMENT_PROFORMA-772660.pdf,False
117239/FO/2017,117239_FO_2017-TRANSPORT_STATEMENT_APPENDIX_3-780935.pdf,False
117239/FO/2017,117239_FO_2017-CIL_QUESTIONS-772641.pdf,True
117239/FO/2017,117239_FO_2017-PRELIMINARY_ECOLOGICAL_APPRAISAL-772638.pdf,False
117239/FO/2017,117239_FO_2017-DECISION_NOTICE-800030.pdf,False
117239/FO/2017,117239_FO_2017-STREET_ELEVATIONS-772646.pdf,False
117239/FO/2017,117239_FO_2017-NOISE_IMPACT_ASSESSMENT-772643.pdf,False
117239/FO/2017,117239_FO_2017-AIR_QUALITY_ASSESSMENT-780932.pdf,False
117239/FO/2017,117239_FO_2017-GF_PLAN-772652.pdf,False
117239/FO/2017,117239_FO_2017-ELEVATIONS-772654.pdf,False
117239/FO/2017,117239_FO_2017-ARBORICULTURAL_REPORT-772658.pdf,
117239/FO/2017,117239_FO_2017-COMMUNAL_AREAS-772650.pdf,False
117239/FO/2017,117239_FO_2017-CIL_QUESTIONS-772640.pdf,True
117239/FO/2017,117239_FO_2017-CRIME_IMPACT_STATEMENT-794605.pdf,False
117239/FO/2017,117239_FO_2017-TRANSPORT_STATEMENT-780936.pdf,False
117239/FO/2017,117239_FO_2017-PROPOSED_SITE_PLANS-772647.pdf,False
117239/FO/2017,117239_FO_2017-FF_PLAN-772653.pdf,False
117239/FO/2017,117239_FO_2017-SITE_CLEARANCE_PLAN-772648.pdf,False
117239/FO/2017,117239_FO_2017-TRANSPORT_STATEMENT-780933.pdf,False
116984/FO/2017,116984_FO_2017-APPLICATION_FORM_-_WITHOUT_PERSONAL_DATA-762320.pdf,False
116984/FO/2017,116984_FO_2017-AIR_QUALITY_ASSESSMENT-771827.pdf,False
116984/FO/2017,116984_FO_2017--766221.pdf,True
116984/FO/2017,116984_FO_2017-TRANSPORT_ASSESSMENT-762312.pdf,False
116984/FO/2017,116984_FO_2017-GROUND_FLOOR_PLAN-762308.pdf,False
116984/FO/2017,116984_FO_2017-NOISE_IMPACT_ASSESSMENT-762302.pdf,False
116984/FO/2017,116984_FO_2017--762311.pdf,False
116984/FO/2017,116984_FO_2017-AIR_QUALITY_ASSESSMENT-771828.jpg,
116984/FO/2017,116984_FO_2017-SECOND_FLOOR-762306.pdf,False
116984/FO/2017,116984_FO_2017-DESIGN___ACCESS_STATEMENT-762301.pdf,True
116984/FO/2017,116984_FO_2017-DECISION_NOTICE-800035.pdf,False
116984/FO/2017,116984_FO_2017-CRIME_IMPACT_STATEMENT-762313.pdf,False
116984/FO/2017,116984_FO_2017-FIRST___SECOND_FLOOR_PLANS-762309.pdf,False
116984/FO/2017,116984_FO_2017-THIRD_FLOOR__ROOF_EXTENSION_-762307.pdf,False
116984/FO/2017,116984_FO_2017-COVERING_LETTER-762321.pdf,False
116984/FO/2017,116984_FO_2017-CHORLTON_CGI_FRONT-762316.a,
116984/FO/2017,116984_FO_2017-FIRST_FLOOR_PLAN-762305.pdf,False
116984/FO/2017,116984_FO_2017-GROUND_FLOOR_PLAN-762304.pdf,False
116984/FO/2017,116984_FO_2017-PLANNING_STATEMENT-762303.pdf,True
116984/FO/2017,116984_FO_2017-CHORLTON_CGI-762314.pdf,False
116984/FO/2017,116984_FO_2017-COVERING_LETTER-762322.pdf,False
116984/FO/2017,116984_FO_2017-STATEMENT_OF_INTENT-762315.pdf,False
116984/FO/2017,116984_FO_2017-ELEVATIONS-762310.pdf,False
116917/FO/2017,116917_FO_2017-AFFORDABLE_HOUSING_STATEMENT-759611.pdf,True
116917/FO/2017,116917_FO_2017-FIRST_FLOOR_PLAN_BLOCK_A-760697.pdf,False
116917/FO/2017,116917_FO_2017-LOCATION_PLAN-777251.pdf,False
116917/FO/2017,116917_FO_2017-NOISE_IMPACT_ASSESSMENT-759617.pdf,False
116917/FO/2017,116917_FO_2017-LOCATION_PLAN-777255.pdf,False
116917/FO/2017,116917_FO_2017-BOUNDARY_DETAILS-760691.pdf,False
116917/FO/2017,116917_FO_2017-SITE_CLEARANCE-760702.pdf,False
116917/FO/2017,116917_FO_2017-DESIGN___ACCESS_STATEMENT-759616.pdf,False
116917/FO/2017,116917_FO_2017-ELEVATIONS_-_BLOCK_B-760701.pdf,False
116917/FO/2017,116917_FO_2017-SITE_PLAN-760688.pdf,False
116917/FO/2017,116917_FO_2017-CRIME_IMPACT_STATEMENT-772069.pdf,False
116917/FO/2017,116917_FO_2017-STREET_ELEVATIONS-760690.pdf,False
116917/FO/2017,116917_FO_2017-BIODIVERSITY_SURVEY_AND_REPORT-759612.pdf,False
116917/FO/2017,116917_FO_2017-APPLICATION_FORM_-_WITHOUT_PERSONAL_DATA-759639.pdf,False
116917/FO/2017,116917_FO_2017-ELEVATIONS-777252.pdf,False
116917/FO/2017,116917_FO_2017-TYPICAL_CYCLE_STORE_DETAILS-772082.pdf,False
116917/FO/2017,116917_FO_2017-PLANS-760695.pdf,False
116917/FO/2017,116917_FO_2017-DECISION_NOTICE-800032.pdf,True
116917/FO/2017,116917_FO_2017-T1.1B2P_UNIT_PLAN-760692.pdf,False
116917/FO/2017,116917_FO_2017-GROUND_FLOOR_-_COMMUNAL-760689.pdf,False
116917/FO/2017,116917_FO_2017-SURVEY-759635.pdf,False
116917/FO/2017,116917_FO_2017-DRAINAGE_DOCUMENTATION-759640.pdf,False
116917/FO/2017,116917_FO_2017-AIR_QUALITY_ASSESSMENT-777241.pdf,False
116917/FO/2017,116917_FO_2017-ELEVATIONS_-_BLOCK_A-760698.pdf,False
116917/FO/2017,116917_FO_2017-FIRST_FLOOR_PLAN_-_BLOCK_B-760700.pdf,False
116917/FO/2017,116917_FO_2017--760703.pdf,False
116917/FO/2017,116917_FO_2017-GROUND_FLOOR_-_BLOCK_A-760696.pdf,False
116917/FO/2017,116917_FO_2017-ARBORICULTURAL_REPORT-759634.pdf,
116917/FO/2017,116917_FO_2017-PRO-FORMA-772071.pdf,False
116917/FO/2017,116917_FO_2017-TRANSPORT_STATEMENT-777236.pdf,False
116917/FO/2017,116917_FO_2017-TRIACS_CALCULATION-777253.pdf,False
116917/FO/2017,116917_FO_2017-T2.1B2P_UNIT_PLAN-760693.pdf,False
116917/FO/2017,116917_FO_2017-GROUND_FLOOR_PLAN_-_BLOCK_B-760699.pdf,False
116917/FO/2017,116917_FO_2017-T3.1B2P_UNIT_PLAN_-_TYPICAL-760694.pdf,False
116917/FO/2017,116917_FO_2017-PHASE_1_DESKTOP_STUDY-777247.pdf,False
115289/FO/2017,115289_FO_2017-THE_LOCATION_PLAN-700552.pdf,False
115289/FO/2017,115289_FO_2017--700546.pdf,False
115289/FO/2017,115289_FO_2017--700550.pdf,False
115289/FO/2017,115289_FO_2017-CRIME_IMPACT_STATEMENT-700544.pdf,False
115289/FO/2017,115289_FO_2017-DISABLED_ACCESS_STATEMENT-700548.pdf,False
115289/FO/2017,115289_FO_2017--700547.pdf,False
115289/FO/2017,115289_FO_2017-SKETCH_SCHEME-700551.pdf,False
115289/FO/2017,115289_FO_2017-APPLICATION_FORM_-_WITHOUT_PERSONAL_DATA-700556.pdf,False
115289/FO/2017,115289_FO_2017-ELEVATIONS-700549.pdf,False
115289/FO/2017,115289_FO_2017-PLANNING_STATEMENT-700545.pdf,True
115289/FO/2017,115289_FO_2017-DECISION_NOTICE-797860.pdf,False
115914/FO/2017,115914_FO_2017--722012.pdf,False
115914/FO/2017,115914_FO_2017--722013.pdf,False
115914/FO/2017,115914_FO_2017-DECISION_NOTICE-790592.pdf,False
115914/FO/2017,115914_FO_2017-N_A-722014.pdf,False
115914/FO/2017,115914_FO_2017-PLANS___ELEVATIONS-722737.pdf,False
115914/FO/2017,115914_FO_2017-APPLICATION_FORM_-_WITHOUT_PERSONAL_DATA-722018.pdf,False
115914/FO/2017,115914_FO_2017-WASTE_MANAGEMENT_STRATEGY-726863.pdf,False
111932/FO/2016,111932_FO_2016-Mechanical_Statement-557990.pdf,False
111932/FO/2016,111932_FO_2016-Mechanical_Services_Third_Floor_Ventilation_Layout_Drawing__2975-_57_-3-01_Rev-580511.pdf,False
111932/FO/2016,111932_FO_2016-Construction_waste_management_plan-416937.pdf,False
111932/FO/2016,111932_FO_2016-Heritage_2nd_Floor_Drawing__150093_D__07_Rev_A-380629.pdf,False
111932/FO/2016,111932_FO_2016-ROOF_PLAN_DRAWING__150093_D_23_REV_B-596855.pdf,False
111932/FO/2016,111932_FO_2016-Supporting_Planning_Statement_2-595689.pdf,True
111932/FO/2016,111932_FO_2016-Roof_Plan_Drawing__150093_D_22_Rev_A-552487.pdf,False
111932/FO/2016,111932_FO_2016-Ground___First_floor_ceilings_Drawing__150093_D_10_Rev_A-430781.pdf,False
111932/FO/2016,111932_FO_2016-Lodge_room_elevations_Drawing__150093_D_44_Rev_A-555242.pdf,False
111932/FO/2016,111932_FO_2016-Basement_ceiling_Drawing__150093_D_12_Rev_A-580292.pdf,False
111932/FO/2016,111932_FO_2016-Section_through_building__Showing_steelwork__Drawing__SK10_Rev_P2-651074.pdf,
111932/FO/2016,111932_FO_2016-2nd___3rd_floor_ceilings_Drawing__150093_D_11_Rev_A-553624.pdf,False
111932/FO/2016,111932_FO_2016-Energy_statement_Rev_A-556436.pdf,False
111932/FO/2016,111932_FO_2016-Final_March_16-601714.pdf,False
111932/FO/2016,111932_FO_2016-Section_2_Drawing__150093_D_17_Rev_A-457449.pdf,False
111932/FO/2016,111932_FO_2016-2ND___3RD_FLOOR-775557.pdf,False
111932/FO/2016,111932_FO_2016-Energy_statement_Rev_A-553351.pdf,False
111932/FO/2016,111932_FO_2016-Second_floor_plan_Drawing__SK05_Rev_P3-355949.pdf,
111932/FO/2016,111932_FO_2016-Mechanical_Services_Basement_level_Ventilation_Layout_Drawing__2975-_57_-B-01_R-415723.pdf,
111932/FO/2016,111932_FO_2016-Rear_side_elevation_Drawing__150093_D_37_Rev_A-424121.pdf,False
111932/FO/2016,111932_FO_2016-Mechanical_Services_Fourth___Fifth_Floor_Ventilation_Layout_Drawing__2975-_57_--640598.pdf,False
111932/FO/2016,111932_FO_2016-Bat_Building_Inspection-403086.pdf,False
111932/FO/2016,111932_FO_2016-Section_3_Drawing__150093_D_21_Rev_A-349973.pdf,False
111932/FO/2016,111932_FO_2016-Fourth_floor_plan_Drawing__SK07_Rev_P2-492029.pdf,
111932/FO/2016,111932_FO_2016-REAR_ELEVATION-775562.pdf,False
111932/FO/2016,111932_FO_2016-NIA1_rev_A-355452.pdf,False
111932/FO/2016,111932_FO_2016--419869.pdf,False
111932/FO/2016,111932_FO_2016-Structural_Engineers_Report_R1-473202.pdf,False
111932/FO/2016,111932_FO_2016-Construction_waste_management_plan-603302.pdf,False
111932/FO/2016,111932_FO_2016-Heritage_Roof_Drawing__150093_D__09_Rev_A-629468.pdf,False
111932/FO/2016,111932_FO_2016-Basement_ceiling_Drawing__150093_D_12_Rev_A-525078.pdf,False
111932/FO/2016,111932_FO_2016-Ventilation_statement_rev_2-445018.pdf,False
111932/FO/2016,111932_FO_2016--516162.pdf,False
111932/FO/2016,111932_FO_2016-Mechanical_Services_Fourth_Floor_Plant_Space__Top_of_Stairwell__Layout_Drawing_-617120.pdf,False
111932/FO/2016,111932_FO_2016-Proposed_windows_Drawings__077.38_-_to_077.42__5_drawings-473123.pdf,
111932/FO/2016,111932_FO_2016-Section_3_Drawing__150093_D_20_Rev_A-606123.pdf,False
111932/FO/2016,111932_FO_2016-SECTION_2_DRAWING__150093_D_18_REV_B-627931.pdf,False
111932/FO/2016,111932_FO_2016-Heritage_1st_Floor_Drawing__150093_D__06_Rev_A-678448.pdf,False
111932/FO/2016,111932_FO_2016-DESIGN_AND_ACCESS_STATEMENT_180316-466908.pdf,False
111932/FO/2016,111932_FO_2016-FRONT_ELEVATION-775560.pdf,False
111932/FO/2016,111932_FO_2016-Heritage_3rd_Floor_Drawing__150093_D__08_Rev_A-673064.pdf,False
111932/FO/2016,111932_FO_2016-DECISION_NOTICE-778504.pdf,False
111932/FO/2016,111932_FO_2016-Mechanical_Services_Fourth_Floor_Plantroom_Layout_Drawing__2975-_50_-4-01_Rev-574974.pdf,False
111932/FO/2016,111932_FO_2016-Mechanical_Services_Basement_Level_Plantroom_Layout_Drawing__2975-_50_-B-01_Re-365089.pdf,False
111932/FO/2016,111932_FO_2016-Sequence_of_Works_Report__April_2016_-624022.pdf,False
111932/FO/2016,111932_FO_2016--671923.pdf,False
111932/FO/2016,111932_FO_2016-Basement___Roof_Plans_Drawing__150093_D__03_Rev_A-523446.pdf,False
111932/FO/2016,111932_FO_2016-Third_floor_plan_Drawing__SK06_Rev_P3-652289.pdf,
111932/FO/2016,111932_FO_2016--656061.pdf,False
111932/FO/2016,111932_FO_2016-Section_1_Drawing__150093_D_15_Rev_A-350124.pdf,False
111932/FO/2016,111932_FO_2016-Rear_elevation_Drawing__150093_D_33_Rev_A-444643.pdf,False
111932/FO/2016,111932_FO_2016-4___5_Floor_Drawing__150093_D_31A_Rev_D-457401.pdf,False
111932/FO/2016,111932_FO_2016-SECTION_1_DRAWING__150093_D_16_REV_F-463499.pdf,False
111932/FO/2016,111932_FO_2016-Proposed_windows_Drawings__077.38_-_to_077.42__5_drawings-381103.pdf,
111932/FO/2016,111932_FO_2016-Staircase_section_Drawing__150093_D_43_Rev_A-389456.pdf,False
111932/FO/2016,111932_FO_2016-Site_Incident_Reponse_Sppendix_E1-416543.pdf,False
111932/FO/2016,111932_FO_2016-Fifth_floor_plan_Drawing__SK08_Rev_P2-544907.pdf,
111932/FO/2016,111932_FO_2016-Ground___First_Floor_Drawing__150093__D__01_Rev_A-372404.pdf,False
111932/FO/2016,111932_FO_2016-Mechanical_Services_Second_Floor_Ventilation_Layout_Drawing__2975-_57_-2-01_Rev-639736.pdf,False
111932/FO/2016,111932_FO_2016-Roof_plan_Showing_beams_at_floor_level__Drawing__SK11_Rev_P2-433976.pdf,
111932/FO/2016,111932_FO_2016-WALDORF_HOUSE_LODGE_ROOM_001_REV_1-775571.pdf,False
111932/FO/2016,111932_FO_2016-2___3_FLOOR_DRAWING__150093_D_31_REV_D-462659.pdf,False
111932/FO/2016,111932_FO_2016-2nd_and_3rd_Floor_plans_Drawing__150093_D__02_Rev_A-644612.pdf,False
111932/FO/2016,111932_FO_2016--596906.pdf,False
111932/FO/2016,111932_FO_2016-1___1_Mezz_Floor_Drawing__150093_D_30_Rev_D-655894.pdf,False
111932/FO/2016,111932_FO_2016-2ND___3RD_FLOOR-775553.pdf,False
111932/FO/2016,111932_FO_2016-Existing_windows_Drawings__077.24_-_to_077.28__5_drawings-491203.pdf,
111932/FO/2016,111932_FO_2016-Heritage_Ground_Floor_Drawing__150093_D__05_Rev_A-368704.pdf,False
111932/FO/2016,111932_FO_2016-Mechanical_Services_First_floor_Ventilation_Layout_Drawing__2975-_57_-1-01_Rev-385185.pdf,
111932/FO/2016,111932_FO_2016-Heritage_Basement_Drawing__150093_D__04_Rev_A-371958.pdf,False
111932/FO/2016,111932_FO_2016-Front_elevation_Drawing__150093_D_32_Rev_A-635189.pdf,False
111932/FO/2016,111932_FO_2016-Environmental_Standards_Statement_Rev_A-622586.pdf,False
111932/FO/2016,111932_FO_2016-BASEMENT___GROUND_FLOOR_DRAWING__150093_D_29_REV_D-528128.pdf,False
115904/VO/2017,115904_VO_2017-FLOOD_RISK_ASSESSMENT___PROPOSED_DRAINAGE_STRATEGY-721571.pdf,False
115904/VO/2017,115904_VO_2017-BOUNDARY_TREATMENTS-721574.pdf,False
115904/VO/2017,115904_VO_2017-TREE_SURVEY-721582.pdf,False
115904/VO/2017,115904_VO_2017-1ST_FLOOR_PLAN-721579.pdf,False
115904/VO/2017,115904_VO_2017-PROPOSED_SITE_PLAN-721576.pdf,False
115904/VO/2017,115904_VO_2017--721581.pdf,False
115904/VO/2017,115904_VO_2017-ECOLOGICAL_ASSESSMENT-721572.pdf,False
115904/VO/2017,115904_VO_2017-GROUND_FLOOR_PLAN-721578.pdf,False
115904/VO/2017,115904_VO_2017-ELEVATIONS-721575.pdf,False
115904/VO/2017,115904_VO_2017-DECISION_NOTICE-764289.pdf,False
115904/VO/2017,115904_VO_2017-APPLICATION_FORM_-_WITHOUT_PERSONAL_DATA-721586.pdf,False
115904/VO/2017,115904_VO_2017-WASTE_MANAGEMENT_PROFORMA-721580.pdf,False
115904/VO/2017,115904_VO_2017-SITE_INVESTIGATION_REPORT-725578.pdf,False
115904/VO/2017,115904_VO_2017-TYPICAL_SITE_SECTIONS-721577.pdf,False
115904/VO/2017,115904_VO_2017-TYPICAL_SITE_SECTIONS-725692.pdf,False
115904/VO/2017,115904_VO_2017-BOUNDARY_TREATMENTS-721573.pdf,False
115904/VO/2017,115904_VO_2017-CONSULTATION_BROCHURE-721873.pdf,False
115904/VO/2017,115904_VO_2017-DESIGN___ACCESS_STATEMENT-721569.pdf,False
115903/VO/2017,115903_VO_2017-AMENDMENTSITE___OTHER_PLANS-721863.pdf,False
115903/VO/2017,115903_VO_2017-AMENDMENTFLOOD_RISK_ASSESSMENT-721856.pdf,False
115903/VO/2017,115903_VO_2017-ENVIRONMENTAL_STATEMENT-721552.pdf,False
115903/VO/2017,115903_VO_2017-AMENDMENTA_SUMMARY_OF_THE_ATTACHMENTS_IN_THE_PROPOSAL-721867.pdf,False
115903/VO/2017,115903_VO_2017-BOUNDARY_TREATMENTS-721555.pdf,False
115903/VO/2017,115903_VO_2017-TREE_SURVEY-721563.pdf,False
115903/VO/2017,115903_VO_2017-AMENDMENTSITE___OTHER_PLANS-721861.pdf,False
115903/VO/2017,115903_VO_2017-AMENDMENTTREE_SURVEY-721866.pdf,False
115903/VO/2017,115903_VO_2017-AMENDMENTSITE___OTHER_PLANS-721860.pdf,False
115903/VO/2017,115903_VO_2017-FLOOR_PLAN-721560.pdf,False
115903/VO/2017,115903_VO_2017--721557.pdf,False
115903/VO/2017,115903_VO_2017--721562.pdf,False
115903/VO/2017,115903_VO_2017-AMENDMENTSITE_WASTE_MANAGEMENT_PLAN-721864.pdf,False
115903/VO/2017,115903_VO_2017-AMENDMENTAPPLICATION_FORM_-_WITHOUT_PERSONAL_DATA-721870.pdf,False
115903/VO/2017,115903_VO_2017-FLOOD_RISK_ASSESSMENT-721553.pdf,False
115903/VO/2017,115903_VO_2017-ELEVATIONS-721559.pdf,False
115903/VO/2017,115903_VO_2017-BOUNDARY_TREATMENTS-721556.pdf,False
115903/VO/2017,115903_VO_2017-DECISION_NOTICE-764286.pdf,False
115903/VO/2017,115903_VO_2017-APPLICATION_FORM_-_WITHOUT_PERSONAL_DATA-721567.pdf,False
115903/VO/2017,115903_VO_2017-SITE_WASTE_MANAGEMENT_PLAN-721561.pdf,False
115903/VO/2017,115903_VO_2017-AMENDMENTAPPLICATION_FORM-721869.pdf,False
115903/VO/2017,115903_VO_2017-SITE_INVESTIGATION_REPORT-725569.pdf,False
115903/VO/2017,115903_VO_2017-AMENDMENTOTHER_PLANS-721857.pdf,False
115903/VO/2017,115903_VO_2017-AMENDMENTOTHER_PLANS-721859.pdf,False
115903/VO/2017,115903_VO_2017-AMENDMENTSITE___OTHER_PLANS-721862.pdf,False
115903/VO/2017,115903_VO_2017-AMENDMENTENVIRONMENTAL_STATEMENT-721855.pdf,False
115903/VO/2017,115903_VO_2017-AMENDMENTHOW_THE_FEE_WAS_CALCULATED-721868.pdf,False
115903/VO/2017,115903_VO_2017-FLOOR_PLAN-721558.pdf,False
115903/VO/2017,115903_VO_2017-LOCATION_PLAN-721865.pdf,False
115903/VO/2017,115903_VO_2017--721554.pdf,False
115903/VO/2017,115903_VO_2017-AMENDMENTDESIGN___ACCESS_STATEMENT-721853.pdf,False
115903/VO/2017,115903_VO_2017-AMENDMENTOTHER_PLANS-721858.pdf,False
115903/VO/2017,115903_VO_2017-AMENDMENTDESIGN___ACCESS_STATEMENT-721854.pdf,False
115903/VO/2017,115903_VO_2017--721551.pdf,False
115299/FO/2017,115299_FO_2017-ELEVATIONS_HOUSE_TYP_E_F-700857.pdf,False
115299/FO/2017,115299_FO_2017-FLOOD_RISK_ASSESSMENT-700849.a,
115299/FO/2017,115299_FO_2017-SITE_LAYOUT-700851.pdf,False
115299/FO/2017,115299_FO_2017-TRANSPORT_ASSESSMENT-700860.pdf,False
115299/FO/2017,115299_FO_2017-TRAFFIC_MANAGEMENT_PLAN-736527.pdf,False
115299/FO/2017,115299_FO_2017-CRIME_IMPACT_STATEMENT-700844.pdf,False
115299/FO/2017,115299_FO_2017-ELEVATIONS_HOUSE_TYPE_D-700855.pdf,False
115299/FO/2017,115299_FO_2017-THE_LOCATION_PLAN-700859.pdf,False
115299/FO/2017,115299_FO_2017-ELEVATIONS_HOUSE_TYPE_C-700854.pdf,False
115299/FO/2017,115299_FO_2017-FRONT_BOUNDARY_TREATMENTS-736532.pdf,False
115299/FO/2017,115299_FO_2017-REFUSE_TRUCK_VEHICLE_TRACKING_DETAILS-736529.pdf,
115299/FO/2017,115299_FO_2017-SUSTAONABILITY_STATEMENT-711092.pdf,False
115299/FO/2017,115299_FO_2017-STREET_ELEVATIONS-700858.pdf,False
115299/FO/2017,115299_FO_2017-APPLICATION_FORM_-_WITHOUT_PERSONAL_DATA-700866.pdf,False
115299/FO/2017,115299_FO_2017-PROPOSED_MATERIALS-736524.pdf,False
115299/FO/2017,115299_FO_2017-FENCING_PLAN-736531.pdf,False
115299/FO/2017,115299_FO_2017-OPEN_SPACE_AND_RECREATION_ASSESSMENT-736528.pdf,True
115299/FO/2017,115299_FO_2017-DECISION_NOTICE-761005.pdf,True
115299/FO/2017,115299_FO_2017-ARBORICULTURAL_PLAN-700845.pdf,False
115299/FO/2017,115299_FO_2017-WASTE_MANAGEMENT_STRATEGY-711303.pdf,False
115299/FO/2017,115299_FO_2017-TREE_SURVEY_OR_ARBORICULTURAL_IMPLICATIONS-700862.pdf,False
115299/FO/2017,115299_FO_2017-TITLE_PLAN-759555.pdf,False
115299/FO/2017,115299_FO_2017-LAND_CONTAMINATION_ASSESSMENT-700850.pdf,False
115299/FO/2017,115299_FO_2017-ELEVATIONS_HOUSE_TYPE_B-700853.pdf,False
115299/FO/2017,115299_FO_2017-ELEVATIONS_HOUSE_TYPE_E-700856.pdf,False
115299/FO/2017,115299_FO_2017-DESIGN___ACCESS_STATEMENT-700848.pdf,True
115299/FO/2017,115299_FO_2017-TREE_SURVEY-700861.pdf,False
115299/FO/2017,115299_FO_2017-SPEED_CALMING_SCHEME-736530.pdf,
115299/FO/2017,115299_FO_2017--785970.pdf,False
115299/FO/2017,115299_FO_2017-CONSTRUCTION_AND_ENVIRONMENTAL_METHOD_STATEMENT-736526.pdf,False
115299/FO/2017,115299_FO_2017-BIODIVERSITY_SURVEY_AND_REPORT-700846.pdf,False
115299/FO/2017,115299_FO_2017-ELEVATIONS_HOUSE_TYPE_A-700852.pdf,False
115299/FO/2017,115299_FO_2017-BIODIVERSITY_SURVEY_AND_REPORT-700847.pdf,False
115299/FO/2017,115299_FO_2017-BOUNDARY_TREATMENTS-711304.pdf,False
115905/VO/2017,115905_VO_2017-ECOLOGICAL_ASSESSMENT-721591.pdf,False
115905/VO/2017,115905_VO_2017-PROPOSED_SITE_PLAN-721594.pdf,False
115905/VO/2017,115905_VO_2017-APPLICATION_FORM_-_WITHOUT_PERSONAL_DATA-721602.pdf,False
115905/VO/2017,115905_VO_2017-FLOOR_PLANS-721596.pdf,False
115905/VO/2017,115905_VO_2017-BOUNDARY_TREATMENTS-721592.pdf,False
115905/VO/2017,115905_VO_2017--721598.pdf,False
115905/VO/2017,115905_VO_2017-ELEVATIONS-721595.pdf,False
115905/VO/2017,115905_VO_2017-DECISION_NOTICE-759219.pdf,False
115905/VO/2017,115905_VO_2017-CONSULTATION_BROCHURE-721894.pdf,False
115905/VO/2017,115905_VO_2017-DESIGN___ACCESS_STATEMENT-721588.pdf,False
115905/VO/2017,115905_VO_2017-WASTE_MANAGEMENT_PROFORMA-721597.pdf,False
115905/VO/2017,115905_VO_2017-SITE_INVESTIGATION_REPORT-725581.pdf,False
115905/VO/2017,115905_VO_2017-BOUNDARY_TREATMENTS-721593.pdf,False
115905/VO/2017,115905_VO_2017-FLOOD_RISK_ASSESSMENT___PROPOSED_DRAINAGE_STRATEGY-721590.pdf,False
115529/FO/2017,115529_FO_2017-3RD_FLOOR_PLAN_-_AFFECTED_AREAS-710053.pdf,False
115529/FO/2017,115529_FO_2017-DALE_STREET_ELEVATION-710046.pdf,False
115529/FO/2017,115529_FO_2017-ACOUSTIC_REPORT-710029.pdf,False
115529/FO/2017,115529_FO_2017-TV___RADIO_RECEPTION_SURVEY-710073.pdf,False
115529/FO/2017,115529_FO_2017-BACK_PICCAILLY_STREET_ELEVATION_-_AFFECTED_AREAS-710056.pdf,False
115529/FO/2017,115529_FO_2017--710650.pdf,False
115529/FO/2017,115529_FO_2017-ENERGY_STATEMENT-710620.pdf,False
115529/FO/2017,115529_FO_2017-SITE_SUMMARY-710651.pdf,False
115529/FO/2017,115529_FO_2017-3RD_FLOOR_PLAN-710062.pdf,False
115529/FO/2017,115529_FO_2017-GROUND_FLOOR_PLAN-710032.pdf,False
115529/FO/2017,115529_FO_2017-APPLICATION_FORM_-_WITHOUT_PERSONAL_DATA-710077.pdf,False
115529/FO/2017,115529_FO_2017-CHINA_LANE_ELEVATION-710040.pdf,False
115529/FO/2017,115529_FO_2017-1ST_FLOOR_PLAN_-_AFFECTED_AREAS-710051.pdf,False
115529/FO/2017,115529_FO_2017-SECTION___MANGLE_STREET_ELEVATION_-_AFFECTED_AREAS-710055.pdf,False
115529/FO/2017,115529_FO_2017-GROUND_FLOOR_PLAN_-_AFFECTED_AREAS-710050.pdf,False
115529/FO/2017,115529_FO_2017-ROOF_PLAN-710037.pdf,False
115529/FO/2017,115529_FO_2017-7TH_FLOOR_PLAN-710066.pdf,False
115529/FO/2017,115529_FO_2017-2ND_FLOOR_PLAN-710034.pdf,False
115529/FO/2017,115529_FO_2017-BACK_PICCADILLY_ELEVATION-710039.pdf,False
115529/FO/2017,115529_FO_2017-4TH_FLOOR_PLAN_-_AFFECTED_AREAS-710054.pdf,False
115529/FO/2017,115529_FO_2017-5TH_FLOOR_PLAN-710064.pdf,False
115529/FO/2017,115529_FO_2017-ARCHAEOLOGICAL_ASSESSMENT-710070.pdf,False
115529/FO/2017,115529_FO_2017-ROOF_PLAN-710060.pdf,False
115529/FO/2017,115529_FO_2017-CHINA_LANE_ELEVATION-710067.pdf,False
115529/FO/2017,115529_FO_2017-4TH_FLOOR_PLAN-710063.pdf,False
115529/FO/2017,115529_FO_2017--710030.pdf,False
115529/FO/2017,115529_FO_2017-4TH_FLOOR_PLAN-710036.pdf,False
115529/FO/2017,115529_FO_2017-1ST_FLOOR_PLAN-710033.pdf,False
115529/FO/2017,115529_FO_2017-DECISION_NOTICE-757370.pdf,False
115529/FO/2017,115529_FO_2017-SECTION_01-710041.pdf,False
115529/FO/2017,115529_FO_2017-FLOOD_RISK___SUDS_STATEMENT-710068.pdf,False
115529/FO/2017,115529_FO_2017-MANGLE_STREET_ELEVATION-710038.pdf,False
115529/FO/2017,115529_FO_2017-DALE_STREET_ELEVATION-710059.pdf,False
115529/FO/2017,115529_FO_2017-2ND_FLOOR_PLAN-710061.pdf,False
115529/FO/2017,115529_FO_2017-PAVEMENT_TREATMENT-716645.pdf,False
115529/FO/2017,115529_FO_2017-SECTION_01-710047.pdf,False
115529/FO/2017,115529_FO_2017-SECTION_03-710049.pdf,False
115529/FO/2017,115529_FO_2017-2ND_FLOOR_PLAN_-_AFFECTED_AREAS-710052.pdf,False
115529/FO/2017,115529_FO_2017-CRIME_IMPACT_STATEMENT-710071.pdf,False
115529/FO/2017,115529_FO_2017-BACK_PICCADILLY_ELEVATION-710044.pdf,False
115529/FO/2017,115529_FO_2017-WASTE_MANAGEMENT_STRATEGY-710057.pdf,False
115529/FO/2017,115529_FO_2017-3RD_FLOOR_PLAN-710035.pdf,False
115529/FO/2017,115529_FO_2017-EXTERNAL_SITE_TREATMENT-710058.pdf,False
115529/FO/2017,115529_FO_2017-EXISTING_SITE_PLAN-710031.pdf,False
115529/FO/2017,115529_FO_2017-6TH_FLOOR_PLAN-710065.pdf,False
115529/FO/2017,115529_FO_2017-GROUND_FLOOR_PLAN-710042.pdf,False
115529/FO/2017,115529_FO_2017-SECTION_02-710048.pdf,False
115529/FO/2017,115529_FO_2017-1ST_FLOOR_PLAN-710043.pdf,False
115529/FO/2017,115529_FO_2017-HERITAGE_STATEMENT-710028.pdf,False
115233/FO/2017,115233_FO_2017-PROPOSED_ST_JOHN_STREET_VISUAL-698996.pdf,False
115233/FO/2017,115233_FO_2017-PLANNING_POLICY_COMPLIANCE_STATEMENT-698980.pdf,True
115233/FO/2017,115233_FO_2017-ELEVATIONS_AND_SECTION-698983.pdf,False
115233/FO/2017,115233_FO_2017-ELEVATIONS-698991.pdf,False
115233/FO/2017,115233_FO_2017-DESIGN__ACCESS___ENVIRONMENTAL_STATEMENT-715275.pdf,False
115233/FO/2017,115233_FO_2017-APPLICATION_FORM_-_WITHOUT_PERSONAL_DATA-699003.pdf,False
115233/FO/2017,115233_FO_2017-ELEVATIONS-698988.pdf,False
115233/FO/2017,115233_FO_2017-BASEMENT_AND_GROUND_PLANS-698985.pdf,False
115233/FO/2017,115233_FO_2017-3F__4F_AND_ROOF_PLANS-698990.pdf,False
115233/FO/2017,115233_FO_2017-PROPOSED_SITE_PLAN-698981.pdf,False
115233/FO/2017,115233_FO_2017-ELEVATIONS-698987.pdf,False
115233/FO/2017,115233_FO_2017-EXISTING_SITE_PLAN-698984.pdf,False
115233/FO/2017,115233_FO_2017-DECISION_NOTICE-744953.pdf,False
115233/FO/2017,115233_FO_2017-ELEVATIONS-698992.pdf,False
115233/FO/2017,115233_FO_2017-1F_AND_2F_PLANS-698989.pdf,False
115233/FO/2017,115233_FO_2017-HERITAGE_STATEMENT-698978.pdf,False
115233/FO/2017,115233_FO_2017-THE_LOCATION_PLAN-698997.pdf,False
115233/FO/2017,115233_FO_2017-COVERING_LETTER-698999.pdf,False
115233/FO/2017,115233_FO_2017-PROPOSED_DEANSGATE_VISUAL-698995.pdf,False
115233/FO/2017,115233_FO_2017-FIRST__SECOND_FLOORS_AND_ROOF_PLANS-698986.pdf,False
115233/FO/2017,115233_FO_2017-ECOLOGICAL_ASSESSMENT-698976.pdf,False
115233/FO/2017,115233_FO_2017-GF_PLAN-698982.pdf,False
115233/FO/2017,115233_FO_2017-STREET_SCENES-698993.pdf,False
115233/FO/2017,115233_FO_2017-CRIME_IMPACT_STATEMENT-698998.pdf,
115233/FO/2017,115233_FO_2017-RENDERED_ELEVATION_A-698994.a,
115233/FO/2017,115233_FO_2017-NOISE_IMPACT_ASSESSMENT-698979.pdf,False
114462/FO/2016,114462_FO_2016--680531.pdf,False
114462/FO/2016,114462_FO_2016-ELEVATIONS-713669.pdf,False
114462/FO/2016,114462_FO_2016-DRAINAGE_LAYOUT-687278.pdf,False
114462/FO/2016,114462_FO_2016--680525.pdf,False
114462/FO/2016,114462_FO_2016-WAYLAND_RD_SOUTH_PHASE_1_REPORT-680521.pdf,False
114462/FO/2016,114462_FO_2016-CRIME_IMPACT_STATEMENT-683546.pdf,
114462/FO/2016,114462_FO_2016-FLOOD_RISK_ASSESSMENT-680524.pdf,False
114462/FO/2016,114462_FO_2016-ENERGY_STATEMENT-689093.pdf,False
114462/FO/2016,114462_FO_2016-CODE_FOR_SUSTAINABLE_HOMES_SCHEDULE-683548.pdf,False
114462/FO/2016,114462_FO_2016-CODE_FOR_SUSTAINABLE_HOMES-684293.pdf,False
114462/FO/2016,114462_FO_2016-DECISION_NOTICE-721795.pdf,False
114462/FO/2016,114462_FO_2016-EXISTING-680526.pdf,False
114462/FO/2016,114462_FO_2016-WASTE_PROFORMA-680522.pdf,False
114462/FO/2016,114462_FO_2016-SITE_PLAN-713666.pdf,False
114462/FO/2016,114462_FO_2016-IMAGE_BOARD-680532.pdf,False
114462/FO/2016,114462_FO_2016--680529.pdf,False
114462/FO/2016,114462_FO_2016-DRAINAGE_STRATEGY-683547.pdf,False
114462/FO/2016,114462_FO_2016-HOUSE_PLANS-713668.pdf,False
114462/FO/2016,114462_FO_2016-MICRO_DRAINAGE-687277.pdf,False
114462/FO/2016,114462_FO_2016-PROPOSED-680527.pdf,False
114462/FO/2016,114462_FO_2016-UNITED_UTILITIES_PLANS-680533.pdf,False
114462/FO/2016,114462_FO_2016-PROPOSED_HOUSES-680528.pdf,False
114462/FO/2016,114462_FO_2016-HOUSE_PLANS-713667.pdf,False
114438/FO/2016,114438_FO_2016-ELEVATION-679632.pdf,False
114438/FO/2016,114438_FO_2016-BOUNDARY_DETAIL-686806.pdf,False
114438/FO/2016,114438_FO_2016-SITE_PLAN-679626.pdf,False
114438/FO/2016,114438_FO_2016--679640.pdf,False
114438/FO/2016,114438_FO_2016-WASTE_MANAGEMENT_STRATEGY-686791.pdf,False
114438/FO/2016,114438_FO_2016-BOUNDARY_DETAIL-686800.pdf,False
114438/FO/2016,114438_FO_2016-ELEVATION-679628.pdf,False
114438/FO/2016,114438_FO_2016-UTILITIES_SEARCH_REVISED-679639.pdf,False
114438/FO/2016,114438_FO_2016-ELEVATION-679627.pdf,False
114438/FO/2016,114438_FO_2016-BOUNDARY_DETAIL-686797.pdf,False
114438/FO/2016,114438_FO_2016-CERTIFICATE_B-686794.pdf,False
114438/FO/2016,114438_FO_2016-BOUNDARY_DETAIL-686799.pdf,False
114438/FO/2016,114438_FO_2016--679635.pdf,False
114438/FO/2016,114438_FO_2016-ELEVATION-679631.pdf,False
114438/FO/2016,114438_FO_2016-BOUNDARY_DETAIL-686796.pdf,False
114438/FO/2016,114438_FO_2016-CIME_IMPACT_STATEMENT-686793.pdf,False
114438/FO/2016,114438_FO_2016-DECISION_NOTICE-713191.pdf,False
114438/FO/2016,114438_FO_2016-WASTEWATER_DEV_ENQUIRY-686802.pdf,False
114438/FO/2016,114438_FO_2016-BOUNDARY_DETAIL-686798.pdf,False
114438/FO/2016,114438_FO_2016-FLOOD_RISK_ASSESSMENT_REV_1-697982.pdf,False
114438/FO/2016,114438_FO_2016-CODE_FOR_SUSTAINABLE_HOMES_STRATEGY_CODE_LEVEL_4-679633.pdf,False
114438/FO/2016,114438_FO_2016--679625.pdf,False
114438/FO/2016,114438_FO_2016-ELEVATION-679630.pdf,False
114438/FO/2016,114438_FO_2016-DRAINAGE_SUMMARY-686805.pdf,False
114438/FO/2016,114438_FO_2016-BOUNDARY_DETAIL-686795.pdf,False
114438/FO/2016,114438_FO_2016-HIGHWAYS_AND_DRAINAGE_LAYOUT-686801.pdf,False
114438/FO/2016,114438_FO_2016-DRAINAGE_INFORMATION-686790.pdf,False
114438/FO/2016,114438_FO_2016-FLOOR_PLANS_AND_ELEVATIONSY-686803.pdf,False
114438/FO/2016,114438_FO_2016--679624.pdf,
114438/FO/2016,114438_FO_2016-MICRO_DRAINAGE-686804.pdf,False
114438/FO/2016,114438_FO_2016-PEDESTRIAN_AND_VEHICLE_EGRESS_ROUTES-702014.pdf,False
112127/FO/2016,112127_FO_2016-GF_Plan_-_F01_SA_02-629670.pdf,False
112127/FO/2016,112127_FO_2016--562070.pdf,False
112127/FO/2016,112127_FO_2016-TREE_SURVEY_REPORT-705574.pdf,False
112127/FO/2016,112127_FO_2016--663479.pdf,False
112127/FO/2016,112127_FO_2016-FIRST_FLOOR_PLAN-431890.pdf,False
112127/FO/2016,112127_FO_2016-AMENDED_Q17-679875.pdf,False
112127/FO/2016,112127_FO_2016-Elevations_1_of_2_-_F01_SA_10-536361.pdf,False
112127/FO/2016,112127_FO_2016-Basement_Plan_-_F01_SA_01-658246.pdf,False
112127/FO/2016,112127_FO_2016-Elevations_2_of_2_-_F01_SA_13-531419.pdf,False
112127/FO/2016,112127_FO_2016-SECOND_FLOOR-388849.pdf,False
112127/FO/2016,112127_FO_2016-EXISTING_SITE_PLAN-598772.pdf,False
112127/FO/2016,112127_FO_2016-CRIME_IMPACT_STATEMENT-679874.pdf,
112127/FO/2016,112127_FO_2016-Elevations_1_of_2_-_F01_SA_12-646431.pdf,False
112127/FO/2016,112127_FO_2016-GF_PLAN-357321.pdf,False
112127/FO/2016,112127_FO_2016-GARAGE_PLAN-378489.pdf,False
112127/FO/2016,112127_FO_2016-SECOND_FLOOR-564075.pdf,False
112127/FO/2016,112127_FO_2016-DECISION_NOTICE-711914.pdf,False
112127/FO/2016,112127_FO_2016-INTERNAL_SIDE_ELEVATIONS-679879.pdf,False
112127/FO/2016,112127_FO_2016-FIRST_FLOOR-570874.pdf,False
112127/FO/2016,112127_FO_2016-RETENTION_REMOVAL_AND_PROTECTION-705572.pdf,False
112127/FO/2016,112127_FO_2016-Proposed-440721.pdf,False
112127/FO/2016,112127_FO_2016--500588.pdf,False
112127/FO/2016,112127_FO_2016--612608.pdf,False
112127/FO/2016,112127_FO_2016-Transport_Statement-451050.pdf,False
112127/FO/2016,112127_FO_2016-BASEMENT-656520.pdf,False
112127/FO/2016,112127_FO_2016-TREE_SURVEY_DRAWING-705571.pdf,False
112127/FO/2016,112127_FO_2016-PROPOSED_SITE_PLAN-370810.pdf,False
112127/FO/2016,112127_FO_2016-INTERNAL_SIDE_ELEVATION-679881.pdf,False
112127/FO/2016,112127_FO_2016-Elevations_2_of_2_-_F01_SA_11-446221.pdf,False
112127/FO/2016,112127_FO_2016--429835.pdf,False
112127/FO/2016,112127_FO_2016-LANDSCAPE_LAYOUT-705573.pdf,False
110785/FO/2015/C2,110785_FO_2015_C2-Alley_Inside_Reyner_St_Elevation_-_al_05_0053_Revised-529887.pdf,False
110785/FO/2015/C2,110785_FO_2015_C2-Includes_Heritage_Statement_Rev_A_Feb_2016-552999.pdf,False
110785/FO/2015/C2,110785_FO_2015_C2-Ground_floor_ceiling___ventilation_plan_Drawing__al_05__0110_Rev_P01-665833.pdf,False
110785/FO/2015/C2,110785_FO_2015_C2-Section_01_-_al_05_0060_Rev_P04-573074.pdf,False
110785/FO/2015/C2,110785_FO_2015_C2-Third_floor_ceiling___ventilation_plan_Drawing__al_05__0113_Rev_P01-365502.pdf,False
110785/FO/2015/C2,110785_FO_2015_C2-Photographs_Drwg_a1_905__0087-556472.pdf,False
110785/FO/2015/C2,110785_FO_2015_C2-Photographs_Drwg_a1__05__0085-506451.pdf,False
110785/FO/2015/C2,110785_FO_2015_C2-Faulkner_St_Elevation_-_al_05_0021Revised-357969.pdf,False
110785/FO/2015/C2,110785_FO_2015_C2-Upper_4th_Floor_Loft_-_al_05_0008-506734.pdf,False
110785/FO/2015/C2,110785_FO_2015_C2-Rear_of_Reyner_St_Elevation_-_al_05_0024_Revised-526577.pdf,False
110785/FO/2015/C2,110785_FO_2015_C2-Ground_Floor_-_al_05_0040_Revised-551094.pdf,False
110785/FO/2015/C2,110785_FO_2015_C2-Bats___Birds_Survey-389977.pdf,False
110785/FO/2015/C2,110785_FO_2015_C2-1st_Floor_-_al_05_0041_Revised-516953.pdf,False
110785/FO/2015/C2,110785_FO_2015_C2-Third_Floor_-_al_05_0013_Revised-527640.pdf,False
110785/FO/2015/C2,110785_FO_2015_C2-2nd_Floor_-_al_05_0012_Revised-574150.pdf,False
110785/FO/2015/C2,110785_FO_2015_C2-Photographs_Drwq_a1__05__0086-406141.pdf,False
110785/FO/2015/C2,110785_FO_2015_C2-Roof_Plan_-_al_05_0046_Rev_P04-396237.pdf,False
110785/FO/2015/C2,110785_FO_2015_C2-Section_03_-_al_05_0032_Revised-515252.pdf,False
110785/FO/2015/C2,110785_FO_2015_C2-Fourth_floor_reflective_ceiling_plan_Drawing__al_05__0094_Rev_P01-501634.pdf,False
110785/FO/2015/C2,110785_FO_2015_C2-First_floor_reflective_ceiling_plan_Drawing__al_05__0091_Rev_P01-636866.pdf,False
110785/FO/2015/C2,110785_FO_2015_C2-Air_Conditioning_Injformation-353709.pdf,False
110785/FO/2015/C2,110785_FO_2015_C2--632155.pdf,False
110785/FO/2015/C2,110785_FO_2015_C2-Charlotte_St_Elevation_-_al_05_0050_Revised-671317.pdf,False
110785/FO/2015/C2,110785_FO_2015_C2-Loft_Fifth_Floor_-_al_05_0045_Rev_P04-622042.pdf,False
110785/FO/2015/C2,110785_FO_2015_C2-Section_02_-_al_05_0061_Rev_P04-465975.pdf,False
110785/FO/2015/C2,110785_FO_2015_C2-Rear_of_Reyner_St_Elevation_-_al_05_0054_Revised-447981.pdf,False
110785/FO/2015/C2,110785_FO_2015_C2-Fourth_floor_ceilibng___ventilation_plan_Drawing__al_05__0114_Rev_P01-421530.pdf,False
110785/FO/2015/C2,110785_FO_2015_C2-First_floor_ceiling___ventilation_plan_Drawing__al_05__0111_Rev_P01-495198.pdf,False
110785/FO/2015/C2,110785_FO_2015_C2-Charlotte_St_Elevation_-_al_05_0020_Revised-350116.pdf,False
110785/FO/2015/C2,110785_FO_2015_C2-Application_Form_Amnded-437094.pdf,False
110785/FO/2015/C2,110785_FO_2015_C2-2nd_Floor_-_al_05_0042_revised-585368.pdf,False
110785/FO/2015/C2,110785_FO_2015_C2-Section_03_-_al_05_0062_Revised-650359.pdf,False
110785/FO/2015/C2,110785_FO_2015_C2-Method_Statement_Feb_2016-482167.pdf,False
110785/FO/2015/C2,110785_FO_2015_C2-3rd_Floor_-_al_05_0043_Revised-371806.pdf,False
110785/FO/2015/C2,110785_FO_2015_C2-Design_Information-452109.pdf,False
110785/FO/2015/C2,110785_FO_2015_C2-Proposed_Refuse_Strategy_Drwg_a1__05__0081-637654.pdf,False
110785/FO/2015/C2,110785_FO_2015_C2-Ground_Floor_-_al_05_0010_Revised-433992.pdf,False
110785/FO/2015/C2,110785_FO_2015_C2-al_05_0070-594996.pdf,False
110785/FO/2015/C2,110785_FO_2015_C2-Reyner_St_Elevation_-_al_05_0052-579655.pdf,False
110785/FO/2015/C2,110785_FO_2015_C2-4th_Floor_-_al_05_0044_Revised-603220.pdf,False
110785/FO/2015/C2,110785_FO_2015_C2-Fifth_floor_ceiling___ventilation_plan_Drawing__al_05__0115_Rev_P01-383211.pdf,False
110785/FO/2015/C2,110785_FO_2015_C2-4th_Floor_-_al_05_0007-471055.pdf,False
110785/FO/2015/C2,110785_FO_2015_C2-Document_E1438_34_Viability_Report-448668.pdf,True
110785/FO/2015/C2,110785_FO_2015_C2-Second_floor_rceiling___ventilation_plan_Drawing__al_05__0112_Rev_P01-407696.pdf,False
110785/FO/2015/C2,110785_FO_2015_C2-2nd_Floor_-_al_05_0005-431947.pdf,False
110785/FO/2015/C2,110785_FO_2015_C2-DECISION_NOTICE-693910.pdf,False
110785/FO/2015/C2,110785_FO_2015_C2-Ground_Floor_-_al_05_0003-558081.pdf,False
110785/FO/2015/C2,110785_FO_2015_C2--535986.pdf,False
110785/FO/2015/C2,110785_FO_2015_C2-Document_E1438_-_34_Acoustics_Study-518768.pdf,False
110785/FO/2015/C2,110785_FO_2015_C2-Roof_Plan_-_al_05_0015_Revised-650113.pdf,False
110785/FO/2015/C2,110785_FO_2015_C2--500865.pdf,False
110785/FO/2015/C2,110785_FO_2015_C2-Roof_Plan_-_al_05_0009-652776.pdf,False
110785/FO/2015/C2,110785_FO_2015_C2-1st_Floor_-_al_05_0011_Revised-464826.pdf,False
110785/FO/2015/C2,110785_FO_2015_C2-Faulkner_St_Elevation_-_al_05_0051-391196.pdf,False
110785/FO/2015/C2,110785_FO_2015_C2-3rd_Floor_-_al_05_0006-429484.pdf,False
110785/FO/2015/C2,110785_FO_2015_C2-Ground_floor_reflective_ceiling_plan_Drawing__al_05__0090-475146.pdf,False
110785/FO/2015/C2,110785_FO_2015_C2-Air_Conitioning-371058.pdf,False
110785/FO/2015/C2,110785_FO_2015_C2-Air_Conditioning_Information-381054.pdf,False
110785/FO/2015/C2,110785_FO_2015_C2-Plant_Space_Requirements_x11_dwgs-601430.pdf,False
110785/FO/2015/C2,110785_FO_2015_C2-Energy_Statement-494842.pdf,False
110785/FO/2015/C2,110785_FO_2015_C2-Document_E1438_34_Sustainability_and_Energy_statement-593472.pdf,False
110785/FO/2015/C2,110785_FO_2015_C2-Second_floor_reflective_ceiling_plan_Drawing__al_05__0092_rev_P01-616035.pdf,False
110785/FO/2015/C2,110785_FO_2015_C2-First___Second_floor_plan_areas_Drawing__al_05__0100-660199.pdf,False
110785/FO/2015/C2,110785_FO_2015_C2-Order_of_Cost_Estimate_Feb_2016-491933.pdf,False
110785/FO/2015/C2,110785_FO_2015_C2-Document_E1438_34_Car_parking_arrangements-565940.pdf,False
110785/FO/2015/C2,110785_FO_2015_C2-Section_02_-_al_05_0031_Revised-670699.pdf,False
110785/FO/2015/C2,110785_FO_2015_C2-Section_01_-_al_05_0030_Revised-362215.pdf,False
110785/FO/2015/C2,110785_FO_2015_C2-Precedent_example_of_proposed_extraction_and_ventilation_equipment_Drawing__a-445813.pdf,False
110785/FO/2015/C2,110785_FO_2015_C2-NOISE_ASSESSMENT_REPORT-454787.pdf,False
110785/FO/2015/C2,110785_FO_2015_C2-1st_Floor_-_al_05_0004-389337.pdf,False
110785/FO/2015/C2,110785_FO_2015_C2-4th_Floor_-_al_05_0014_Revised-568480.pdf,False
110785/FO/2015/C2,110785_FO_2015_C2--405330.pdf,False
110785/FO/2015/C2,110785_FO_2015_C2--560565.pdf,False
110785/FO/2015/C2,110785_FO_2015_C2-Third__fourth___fifth_floor_plan_areas-393575.pdf,False
110785/FO/2015/C2,110785_FO_2015_C2-Alley_Inside_Reyner_St_Elevation_-_al_05_0023_Revised-439701.pdf,False
110785/FO/2015/C2,110785_FO_2015_C2-Third_floor_reflective_ceiling_plan_Drawing__al_05__0090_rev_P01-542952.pdf,False
110785/FO/2015/C2,110785_FO_2015_C2-Fifth_floor_ceiling___ventilation_plan_Drawing__al_05__0115_Rev_P01-611303.pdf,False
110785/FO/2015/C2,110785_FO_2015_C2-Fifth_floor_reflective_ceiling_plan_Drawing__al_05__0095_Rev_P01-545695.pdf,False
110785/FO/2015/C2,110785_FO_2015_C2-Proposed_Refuse_Layout_Drwg_a1__05__0080-666292.pdf,False
110785/FO/2015/C2,110785_FO_2015_C2-Reyner_St_Elevation_-_al_05_0022_Revised-647533.pdf,False
110785/FO/2015/C2,110785_FO_2015_C2-Energy_Statement-497040.pdf,False
113955/FO/2016,113955_FO_2016-Site_Survey-666623.pdf,False
113955/FO/2016,113955_FO_2016-GF_Plan_-_A002_Rev_C-541669.pdf,False
113955/FO/2016,113955_FO_2016--347681.pdf,False
113955/FO/2016,113955_FO_2016--368807.pdf,False
113955/FO/2016,113955_FO_2016-Phase_1_Geotechnical_Report_-_Part_7-513331.pdf,False
113955/FO/2016,113955_FO_2016-Street_Elevation_-_A006_Rev_B-638322.pdf,False
113955/FO/2016,113955_FO_2016--609374.pdf,False
113955/FO/2016,113955_FO_2016-Phase_1_Geotechnical_Report_-_Part_4-440408.pdf,False
113955/FO/2016,113955_FO_2016--406670.pdf,False
113955/FO/2016,113955_FO_2016-Phase_1_Geotechnical_Report_-_Part_6-500295.pdf,False
113955/FO/2016,113955_FO_2016-Phase_1_Geotechnical_Report_-_Part_3-364228.pdf,False
113955/FO/2016,113955_FO_2016-Landscape_Layout_-_Hard_Works_-_3454_01B-433628.pdf,False
113955/FO/2016,113955_FO_2016--393202.pdf,False
113955/FO/2016,113955_FO_2016-DECISION_NOTICE-687280.pdf,False
113955/FO/2016,113955_FO_2016-First___Second_Floor_Plans_-_A003_Rev_B-518427.pdf,False
113955/FO/2016,113955_FO_2016-Elevations_-_A005_Rev_B-475698.pdf,False
113955/FO/2016,113955_FO_2016--604404.pdf,
113955/FO/2016,113955_FO_2016-Phase_1_Geotechnical_Report_-_Part_5-561294.pdf,False
113955/FO/2016,113955_FO_2016--578744.pdf,False
113955/FO/2016,113955_FO_2016-Third_Floor_Plan_-_A004_Rev_B-663757.pdf,False
113955/FO/2016,113955_FO_2016-Phase_1_Geotechnical_Report_-_Part_8-534288.pdf,False
113955/FO/2016,113955_FO_2016-Planning_and_Heritage_Statement_and_appendices-423447.pdf,True
113955/FO/2016,113955_FO_2016-BAT_REPORT-680422.pdf,False
113955/FO/2016,113955_FO_2016-Landscape_Layout_-_Planting_Plan_-_3454_02B-366077.pdf,False
113955/FO/2016,113955_FO_2016-Phase_1_Geotechnical_Report_-_Part_2-519341.pdf,False
113955/FO/2016,113955_FO_2016-Proposed_-_A001_Rev_B-577357.pdf,False
113955/FO/2016,113955_FO_2016-Phase_1_Geotechnical_Report_-_Part_1-532518.pdf,False
113955/FO/2016,113955_FO_2016-Environmental_standards_statement-633352.pdf,True
112390/FO/2016/S2,112390_FO_2016_S2--590845.pdf,False
112390/FO/2016/S2,112390_FO_2016_S2-Air_Quality_Statement-595106.pdf,False
112390/FO/2016/S2,112390_FO_2016_S2-Flood_Risk_Assessment_June_2016-523462.pdf,False
112390/FO/2016/S2,112390_FO_2016_S2-Road_and_Drainage_Design-491945.pdf,False
112390/FO/2016/S2,112390_FO_2016_S2-House_Types_2__Plots_1-5_-_1788_516-643328.pdf,False
112390/FO/2016/S2,112390_FO_2016_S2--425083.pdf,False
112390/FO/2016/S2,112390_FO_2016_S2--458118.pdf,
112390/FO/2016/S2,112390_FO_2016_S2-2_Bedroom_House__Plots_6-11__Plans_and_Elevations_-_515-432446.pdf,False
112390/FO/2016/S2,112390_FO_2016_S2-Site_Investigation_Phase_1-614705.pdf,False
112390/FO/2016/S2,112390_FO_2016_S2-CSH_Strategy_Level_4-380671.pdf,False
112390/FO/2016/S2,112390_FO_2016_S2--389052.pdf,False
112390/FO/2016/S2,112390_FO_2016_S2-Boundary_Details_2-495899.pdf,False
112390/FO/2016/S2,112390_FO_2016_S2--351847.pdf,True
112390/FO/2016/S2,112390_FO_2016_S2-arb_impact_asseement-459452.pdf,True
112390/FO/2016/S2,112390_FO_2016_S2-Boundary_Details-619453.pdf,False
112390/FO/2016/S2,112390_FO_2016_S2-Surface_Water_runn-off_calculation-570587.pdf,False
112390/FO/2016/S2,112390_FO_2016_S2-Code_for_Sustainable_Homes_pre-estimate-443477.xls,
112390/FO/2016/S2,112390_FO_2016_S2-Amended_-_1788_512F-676722.pdf,False
112390/FO/2016/S2,112390_FO_2016_S2-Proposed_Site_Plan_Drwg_1788-512A-550897.pdf,False
112390/FO/2016/S2,112390_FO_2016_S2--546907.pdf,False
112390/FO/2016/S2,112390_FO_2016_S2--622543.pdf,False
112390/FO/2016/S2,112390_FO_2016_S2--556488.pdf,False
112390/FO/2016/S2,112390_FO_2016_S2-Ground_Investigation__Technical_Note-482204.pdf,False
112150/JO/2016/S1,112150_JO_2016_S1-2F_-_2016_071_213_rev_A-456124.pdf,False
112150/JO/2016/S1,112150_JO_2016_S1-Renovation_Works_to_Listed_Building_Rev_B-607539.pdf,False
112150/JO/2016/S1,112150_JO_2016_S1-2F_Demolition_Plan_-_2016_071_210-486367.pdf,False
112150/JO/2016/S1,112150_JO_2016_S1--579274.pdf,False
112150/JO/2016/S1,112150_JO_2016_S1--508779.pdf,False
112150/JO/2016/S1,112150_JO_2016_S1-GF_-_2016_071_211_rev_A-369325.pdf,False
112150/JO/2016/S1,112150_JO_2016_S1-1F_-_2016_071_212_rev_A-347534.pdf,False
112150/JO/2016/S1,112150_JO_2016_S1-1F_Demolition_Plan_-_2016_071_209_rev_B-532372.pdf,False
112150/JO/2016/S1,112150_JO_2016_S1-GF_Demolition_Plan_-_2016_071_208_rev_A-424642.pdf,False
107804/FO/2015/N1,107804_FO_2015_N1--580801.pdf,False
107804/FO/2015/N1,107804_FO_2015_N1--562683.pdf,False
107804/FO/2015/N1,107804_FO_2015_N1--628455.pdf,False
107804/FO/2015/N1,107804_FO_2015_N1-Plans_and_elevations_as_existing-354710.pdf,False
107804/FO/2015/N1,107804_FO_2015_N1--667100.pdf,False
107804/FO/2015/N1,107804_FO_2015_N1--571918.pdf,False
107804/FO/2015/N1,107804_FO_2015_N1--562434.pdf,False
107804/FO/2015/N1,107804_FO_2015_N1--395462.pdf,False
107804/FO/2015/N1,107804_FO_2015_N1--654677.pdf,False
107804/FO/2015/N1,107804_FO_2015_N1-Proposed_Plans___Elevations_Drwg_1502_14_02D-427337.pdf,False
107804/FO/2015/N1,107804_FO_2015_N1-Plans_and_elevations_as_proposed-426716.pdf,False
107804/FO/2015/N1,107804_FO_2015_N1--520528.pdf,False
111175/FO/2016/C1,111175_FO_2016_C1-First_floor_plan_Drawing___01__04_Rev_P1-370123.pdf,False
111175/FO/2016/C1,111175_FO_2016_C1-General_building_layout_Drawing__SK52_Rev_P3-388262.pdf,False
111175/FO/2016/C1,111175_FO_2016_C1-Design_Statement-631433.pdf,False
111175/FO/2016/C1,111175_FO_2016_C1-Vent_Axia_Acoustic_Information-459785.pdf,False
111175/FO/2016/C1,111175_FO_2016_C1--606623.pdf,True
111175/FO/2016/C1,111175_FO_2016_C1-New_Deansgate_Entrance_-_8085_32_06_P4-432993.pdf,False
111175/FO/2016/C1,111175_FO_2016_C1-Elevations_Sheet_2_Drawing___05__002_Rev_P1-406587.pdf,False
111175/FO/2016/C1,111175_FO_2016_C1-St_John_Street_CIS_version_C-359550.pdf,
111175/FO/2016/C1,111175_FO_2016_C1--456952.pdf,False
111175/FO/2016/C1,111175_FO_2016_C1-Second_floor_plan_Drawing___01__05_Rev_P1-561125.pdf,False
111175/FO/2016/C1,111175_FO_2016_C1-Section_6_Drawing___03__05_Rev_P1-365583.pdf,False
111175/FO/2016/C1,111175_FO_2016_C1-Sustainability_statement-385736.pdf,False
111175/FO/2016/C1,111175_FO_2016_C1-Elevations_Sheet_1_Drawing___05__001_Rev_P1-501446.pdf,False
111175/FO/2016/C1,111175_FO_2016_C1--350683.pdf,False
111175/FO/2016/C1,111175_FO_2016_C1-St_John_Street_elevation_Drawing___02__02_Rev_P1-368630.pdf,False
111175/FO/2016/C1,111175_FO_2016_C1-Elevations_Sheet_2_Drawing___05__003_Rev_P1-412574.pdf,False
111175/FO/2016/C1,111175_FO_2016_C1-Fifth_floor_plan_Drawing___04__07_Rev_P6-636472.pdf,False
111175/FO/2016/C1,111175_FO_2016_C1-Ground_floor_plan_Drawing___04__02_Rev_P7-504171.pdf,False
111175/FO/2016/C1,111175_FO_2016_C1-GF_-_8085_04_02_P8-525597.pdf,False
111175/FO/2016/C1,111175_FO_2016_C1-St_John_Street_CIS_version_C-545432.pdf,
111175/FO/2016/C1,111175_FO_2016_C1-Drainage_philosophy-651045.pdf,False
111175/FO/2016/C1,111175_FO_2016_C1-Roof_-_8085_04_10_P3-649414.pdf,False
111175/FO/2016/C1,111175_FO_2016_C1-Fan_Selction_Type_C-582853.pdf,False
111175/FO/2016/C1,111175_FO_2016_C1-Sunlight_assessment-452301.pdf,False
111175/FO/2016/C1,111175_FO_2016_C1-Second_floor_plan_Drawing___04__04_Rev_P6-594564.pdf,False
111175/FO/2016/C1,111175_FO_2016_C1-Daylight_assessment_report-598381.pdf,False
111175/FO/2016/C1,111175_FO_2016_C1-Use_classes_Drawing__SK08_Rev_P3-471643.pdf,False
111175/FO/2016/C1,111175_FO_2016_C1-Draft_Acoustic_Report-577909.pdf,False
111175/FO/2016/C1,111175_FO_2016_C1-Balustrade_to_St_Johns_Entrance_-_8085_24_004_Rev_P1-590182.pdf,False
111175/FO/2016/C1,111175_FO_2016_C1-Existing_sash_window_section__SK75_P1_-565131.pdf,False
111175/FO/2016/C1,111175_FO_2016_C1-Elevation_Sheet_1_-_8085_05_01_P2-557608.pdf,False
111175/FO/2016/C1,111175_FO_2016_C1-New_Entrance_Door__St_Johns_St_Elevation_-_8085_32_05_Rev_P4-626242.pdf,False
111175/FO/2016/C1,111175_FO_2016_C1-Fan_Selction_Type_D-664597.pdf,False
111175/FO/2016/C1,111175_FO_2016_C1-Proposed_layout-660220.pdf,False
111175/FO/2016/C1,111175_FO_2016_C1-TV_reception-516706.pdf,False
111175/FO/2016/C1,111175_FO_2016_C1-Fifth_floor_plan_Drawing___01__08_Rev_P1-416355.pdf,False
111175/FO/2016/C1,111175_FO_2016_C1-Section_2_Drawing___03__02_Rev_P1-444614.pdf,False
111175/FO/2016/C1,111175_FO_2016_C1-Covering_letter-610801.pdf,False
111175/FO/2016/C1,111175_FO_2016_C1-Cyclepod_specification-407654.pdf,False
111175/FO/2016/C1,111175_FO_2016_C1-Ventilation_specification-599752.pdf,False
111175/FO/2016/C1,111175_FO_2016_C1-Sections_4___5_Drawing___03__04_Rev_P1-432185.pdf,False
111175/FO/2016/C1,111175_FO_2016_C1--509229.pdf,False
111175/FO/2016/C1,111175_FO_2016_C1-Location_plan_Drawing___01__010_Rev_P1-582648.pdf,False
111175/FO/2016/C1,111175_FO_2016_C1-Lower_ground_floor_plan_Drawing___01__02_Rev_P1-579894.pdf,False
111175/FO/2016/C1,111175_FO_2016_C1-Roof_plan_Drawing___04__10_Rev_P2-422603.pdf,False
111175/FO/2016/C1,111175_FO_2016_C1-Lower_GF_-_8085_04_01_P7-464405.pdf,False
111175/FO/2016/C1,111175_FO_2016_C1-Lightwell_elevations_Drawing___02__04_Rev_P1-531666.pdf,False
111175/FO/2016/C1,111175_FO_2016_C1-Cross-sections_Sheet_2_Drawing___06__002_Rev_P1-645605.pdf,False
111175/FO/2016/C1,111175_FO_2016_C1-Sixth_Floor_-_8085_04_08_P7-578392.pdf,False
111175/FO/2016/C1,111175_FO_2016_C1-Disabled_Entrance_-_8085_32_05_P3-539155.pdf,False
111175/FO/2016/C1,111175_FO_2016_C1-2_storey_study-531109.pdf,False
111175/FO/2016/C1,111175_FO_2016_C1--635731.pdf,False
111175/FO/2016/C1,111175_FO_2016_C1-Third_floor_plan_Drawing___04__05_Rev_P6-567840.pdf,False
111175/FO/2016/C1,111175_FO_2016_C1-Cross-sections_Sheet_3_Drawing___06__003_Rev_P1-381079.pdf,False
111175/FO/2016/C1,111175_FO_2016_C1-Hinged_List-381814.pdf,False
111175/FO/2016/C1,111175_FO_2016_C1-Deansgate_elevation_Drawing___02__01_Rev_P1-631572.pdf,False
111175/FO/2016/C1,111175_FO_2016_C1-Lower_Ground_floor_plan_Drawing___04__01_Rev_P5-441730.pdf,False
111175/FO/2016/C1,111175_FO_2016_C1-First_floor_plan_Drawing___04__03_Rev_P6-541567.pdf,False
111175/FO/2016/C1,111175_FO_2016_C1-Ground_floor_plan_site_plan_Drawing___01__03_Rev_P1-595107.pdf,False
111175/FO/2016/C1,111175_FO_2016_C1-Issue_2-601648.pdf,False
111175/FO/2016/C1,111175_FO_2016_C1-Longworth_Street_elevation_Drawing___02__03_Rev_P1-507314.pdf,False
111175/FO/2016/C1,111175_FO_2016_C1-site_plan_Drawing___01__01_Rev_P1-663861.pdf,False
111175/FO/2016/C1,111175_FO_2016_C1-Cross_sections_Sheet_1_Drawing___06__001_Rev_P1-525930.pdf,False
111175/FO/2016/C1,111175_FO_2016_C1-St_Johns_Street_Entrance_-_SK88_P1-602456.pdf,False
111175/FO/2016/C1,111175_FO_2016_C1-Proposed_replacement_sash_window__drawing_SK70_P1_-389165.pdf,False
111175/FO/2016/C1,111175_FO_2016_C1-Proposed_new_entrance_on_Deansgate__drawing_SK76_P1_-431734.pdf,False
111175/FO/2016/C1,111175_FO_2016_C1-Section_1_Drawing___03__01_Rev_P1-583940.pdf,False
111175/FO/2016/C1,111175_FO_2016_C1-New_Bin_Store_Doors_-_SK90_P1-369851.pdf,False
111175/FO/2016/C1,111175_FO_2016_C1-Fan_Selection_Type_A-475447.pdf,False
111175/FO/2016/C1,111175_FO_2016_C1-Acoustic_Performance-514471.pdf,False
111175/FO/2016/C1,111175_FO_2016_C1-Proposed_Ventilation_Layout_Drwg_064_E504_Rev_C1-615799.pdf,False
111175/FO/2016/C1,111175_FO_2016_C1-Existing_roof_plan_drawing__01__09_P1-659837.pdf,False
111175/FO/2016/C1,111175_FO_2016_C1-Fan_Selection_Type_B-453617.pdf,False
111175/FO/2016/C1,111175_FO_2016_C1-Structurasl_philosophy-451375.pdf,False
111175/FO/2016/C1,111175_FO_2016_C1-Sixth_floor_level_Drawing___04__08_Rev_P6-616387.pdf,False
111175/FO/2016/C1,111175_FO_2016_C1--360118.pdf,False
111175/FO/2016/C1,111175_FO_2016_C1-Sixth_Floor_Facade_Detail_-_SK89_P1-559937.pdf,False
111175/FO/2016/C1,111175_FO_2016_C1-Lower_GF_-_8085_04_200_P4-356902.pdf,False
111175/FO/2016/C1,111175_FO_2016_C1-Energy_statement-495060.pdf,False
111175/FO/2016/C1,111175_FO_2016_C1-Section_3_Drawing___03__03_Rev_P1-610978.pdf,False
111175/FO/2016/C1,111175_FO_2016_C1-Fourth_floor_plan_Drawing___04__06_Rev_P6-412008.pdf,False
111175/FO/2016/C1,111175_FO_2016_C1--515504.pdf,False
111175/FO/2016/C1,111175_FO_2016_C1-Third_floor_plan_Drawing___01__06_Rev_P1-574719.pdf,False
111175/FO/2016/C1,111175_FO_2016_C1-GF_-_8085_04_201_P3-512175.pdf,False
111175/FO/2016/C1,111175_FO_2016_C1-Existing_context_elevation_drawing__02__05_P1-534478.pdf,False
111175/FO/2016/C1,111175_FO_2016_C1-Acoustic_Report-385558.pdf,False
111175/FO/2016/C1,111175_FO_2016_C1-Proposed_Fifth_Floor_Ventilation_Layout_Drwg_064_M505_Rev_C1-506235.pdf,False
111175/FO/2016/C1,111175_FO_2016_C1-Proposed_Tyopical_Floor_Ventilation_Layout_Drwg_064_M502_Rev_C1-451049.pdf,False
111175/FO/2016/C1,111175_FO_2016_C1--448246.pdf,False
111175/FO/2016/C1,111175_FO_2016_C1-Fourth_floor_plan_Drawing___01__07_Rev_P1-439990.pdf,False
111175/FO/2016/C1,111175_FO_2016_C1-Elevation_Sheet_2_-_8085_05_02_P2-421307.pdf,False
111422/FO/2016/S2,111422_FO_2016_S2--426369.pdf,False
111422/FO/2016/S2,111422_FO_2016_S2-CSH_Checklist-488222.pdf,False
111422/FO/2016/S2,111422_FO_2016_S2-Bat_Survey-670740.pdf,False
111422/FO/2016/S2,111422_FO_2016_S2-Demolition-555795.pdf,False
111422/FO/2016/S2,111422_FO_2016_S2-Floor_Plans_-_T12_32_03_Rev_B-464986.pdf,False
111422/FO/2016/S2,111422_FO_2016_S2-Street_Scenes_-_T12_32_04_Rev_B-647622.pdf,False
111422/FO/2016/S2,111422_FO_2016_S2--514238.pdf,False
111422/FO/2016/S2,111422_FO_2016_S2--547857.pdf,False
111422/FO/2016/S2,111422_FO_2016_S2--448968.pdf,False
111422/FO/2016/S2,111422_FO_2016_S2--576500.pdf,True
111422/FO/2016/S2,111422_FO_2016_S2-T12_32_01_Rev_D-410685.pdf,False
111422/FO/2016/S2,111422_FO_2016_S2-Building___Layout_-_T12_32_02_Rev_A-474328.pdf,False
111422/FO/2016/S2,111422_FO_2016_S2-Schematic_Drainage_Layout_-_15048_02_1_Rev_A-396824.pdf,False
111404/MO/2016/N2,111404_MO_2016_N2-house_type_calder_plans_and_elevations-362401.pdf,False
111404/MO/2016/N2,111404_MO_2016_N2--440924.pdf,False
111404/MO/2016/N2,111404_MO_2016_N2-proposed_house_type_Arun_plans_and_elevations-626799.pdf,False
111404/MO/2016/N2,111404_MO_2016_N2-location_plan-514146.pdf,False
111404/MO/2016/N2,111404_MO_2016_N2-boundary_treatments-670023.pdf,False
111404/MO/2016/N2,111404_MO_2016_N2-planning_statement-390107.pdf,True
111404/MO/2016/N2,111404_MO_2016_N2-site_layout-623766.pdf,False
111404/MO/2016/N2,111404_MO_2016_N2-house_type_Avon_plans_and_elevations-467845.pdf,False
111404/MO/2016/N2,111404_MO_2016_N2--379063.pdf,False
111404/MO/2016/N2,111404_MO_2016_N2-proposed_street_scenes-641400.pdf,False
111404/MO/2016/N2,111404_MO_2016_N2-application_form_Revised-573409.pdf,False
111404/MO/2016/N2,111404_MO_2016_N2-landscape_proposal1_of_2-528091.pdf,False
111404/MO/2016/N2,111404_MO_2016_N2-Landscape_Proposal_Drwg_5112.01_Rev_D-369626.pdf,False
111404/MO/2016/N2,111404_MO_2016_N2-house_type_Dee_plans_and_elevations-406525.pdf,False
111404/MO/2016/N2,111404_MO_2016_N2-transport_report-357907.pdf,False
110190/FO/2015/C2,110190_FO_2015_C2-Fire_Protection_to_Timber_Beams_-_A0004-469248.pdf,False
110190/FO/2015/C2,110190_FO_2015_C2--476296.pdf,False
110190/FO/2015/C2,110190_FO_2015_C2--379804.pdf,False
110190/FO/2015/C2,110190_FO_2015_C2-Upper_Ground_Floor_Proposed_Ceiling_Plan_-_L1021-352390.pdf,False
110190/FO/2015/C2,110190_FO_2015_C2-Lower_Ground_Floor_Proposed_Services_Plan_-_L1150B-621121.pdf,False
110190/FO/2015/C2,110190_FO_2015_C2-Proposed_Entrance_Section_-_A0030-676192.pdf,False
110190/FO/2015/C2,110190_FO_2015_C2-proposed_upper_ground_floor_services-428956.pdf,False
110190/FO/2015/C2,110190_FO_2015_C2-1st_Floor_Plans_-_L0102-480430.pdf,False
110190/FO/2015/C2,110190_FO_2015_C2-First_Floor_Existing_Ceiling_Plan_-_L0122-449596.pdf,False
110190/FO/2015/C2,110190_FO_2015_C2-Existing_Window_Detail_Ground_Floor_-_A0012-399076.pdf,False
110190/FO/2015/C2,110190_FO_2015_C2-Existing_Section_C_-_L0242-578971.pdf,False
110190/FO/2015/C2,110190_FO_2015_C2-Upper_Ground_Floor_Proposed_Plan_-_L1001-461781.pdf,False
110190/FO/2015/C2,110190_FO_2015_C2-Existing_Elevation_01_-_L0200-474991.pdf,False
110190/FO/2015/C2,110190_FO_2015_C2-Proposed_Fourth_Floor_Plan_-_L1003-542991.pdf,False
110190/FO/2015/C2,110190_FO_2015_C2-4th_Floor_Plans_-_L0105-459177.pdf,False
110190/FO/2015/C2,110190_FO_2015_C2-Proposed_Common_Stair_Fire_Protection_Strategy_-_A0040-467950.pdf,False
110190/FO/2015/C2,110190_FO_2015_C2-3rd_Floor_Plans_-_L0104-491157.pdf,False
110190/FO/2015/C2,110190_FO_2015_C2--636576.pdf,True
110190/FO/2015/C2,110190_FO_2015_C2--421357.pdf,
110190/FO/2015/C2,110190_FO_2015_C2-acoustic_assessment-584069.pdf,False
110190/FO/2015/C2,110190_FO_2015_C2-Proposed_Loading_Bay_Grillage_-_A0032-455309.pdf,False
110190/FO/2015/C2,110190_FO_2015_C2--642384.pdf,False
110190/FO/2015/C2,110190_FO_2015_C2-Waste_Management_Strategy-648506.pdf,False
110190/FO/2015/C2,110190_FO_2015_C2-Upper_Ground_Floor_Proposed_Services_Plan_-_L1151B-373818.pdf,False
110190/FO/2015/C2,110190_FO_2015_C2-Proposed_Window_Detail_-_A0011-388049.pdf,False
110190/FO/2015/C2,110190_FO_2015_C2-Typical_Floor_Proposed_Plan_-_L1002-603420.pdf,False
110190/FO/2015/C2,110190_FO_2015_C2-Existing_Elevation_03_-_L0202-610581.pdf,False
110190/FO/2015/C2,110190_FO_2015_C2-Proposed_Restaurant_Entrance_with_Platform_Lift_-_A0033-534214.pdf,False
110190/FO/2015/C2,110190_FO_2015_C2-L1_Demolition_Plan_-_L0132-373700.pdf,False
110190/FO/2015/C2,110190_FO_2015_C2-consultant_comment_Noise_Impact_Assessment-493803.pdf,False
110190/FO/2015/C2,110190_FO_2015_C2-Existing_Elevation_02_-_L0201-430010.pdf,False
110190/FO/2015/C2,110190_FO_2015_C2-Heritage_Note_on_Screens-465487.pdf,False
110190/FO/2015/C2,110190_FO_2015_C2--412195.pdf,False
110190/FO/2015/C2,110190_FO_2015_C2-2nd_Floor_Plans_-_L0103-386606.pdf,False
110190/FO/2015/C2,110190_FO_2015_C2-Existing_Elevation_03_-_L0212-644394.pdf,False
110190/FO/2015/C2,110190_FO_2015_C2-L2_Demolition_Plan_-_L0133-428114.pdf,False
110190/FO/2015/C2,110190_FO_2015_C2-Fourth_Floor_Removed_Internal_Elements_-_L0115-493200.pdf,False
110190/FO/2015/C2,110190_FO_2015_C2--508300.pdf,False
110190/FO/2015/C2,110190_FO_2015_C2-Existing_Window_Detail_-_A0010-438925.pdf,False
110190/FO/2015/C2,110190_FO_2015_C2-Existing_Section_A_-_L0240-407451.pdf,False
110190/FO/2015/C2,110190_FO_2015_C2-Existing_Lower_Ground_Floor_Plans_-_L0100-433330.pdf,False
110190/FO/2015/C2,110190_FO_2015_C2-Proposed_Elevation_03_-_L1602-500643.pdf,False
110190/FO/2015/C2,110190_FO_2015_C2-Fourth_Floor_Proposed_Ceiling_Plan_-_L1023-426658.pdf,False
110190/FO/2015/C2,110190_FO_2015_C2-Mezzanine_Proposed_Plan_-_L1004-595448.pdf,False
110190/FO/2015/C2,110190_FO_2015_C2-Proposed_Elevation_01_-_L1600-591120.pdf,False
110190/FO/2015/C2,110190_FO_2015_C2-First_Floor_Removed_Internal_Elements_-_L0112-495601.pdf,False
110190/FO/2015/C2,110190_FO_2015_C2-drawing_schedule-475569.pdf,False
110190/FO/2015/C2,110190_FO_2015_C2-Proposed_Section_C_-_L1502-568264.pdf,False
110190/FO/2015/C2,110190_FO_2015_C2-Existing_Elevation_01_-_L0210-638771.pdf,False
110190/FO/2015/C2,110190_FO_2015_C2-cover_letter-348294.pdf,False
110190/FO/2015/C2,110190_FO_2015_C2-Lower_Ground_Demolition_Plan_-_L0130-660123.pdf,False
110190/FO/2015/C2,110190_FO_2015_C2-Proposed_Entrance_Doors_-_A0031-649866.pdf,False
110190/FO/2015/C2,110190_FO_2015_C2-Heritage_Note_on_External_Stair-355196.pdf,False
110190/FO/2015/C2,110190_FO_2015_C2-Fourth_Floor_Existing_Ceiling_Plan_-_L0125-562599.pdf,False
110190/FO/2015/C2,110190_FO_2015_C2-Column_Head_Details_-_A0005-654596.pdf,False
110190/FO/2015/C2,110190_FO_2015_C2--556981.pdf,False
110190/FO/2015/C2,110190_FO_2015_C2-Upper_Ground_Floor_Existing_Ceiling_Plan_-_L0121-588967.pdf,False
110190/FO/2015/C2,110190_FO_2015_C2-Third_Floor_Removed_Internal_Elements_-_L0114-470744.pdf,False
110190/FO/2015/C2,110190_FO_2015_C2-revised_Waste_Mngmnt_Strategy_plan_and_location_plan-649037.pdf,
110190/FO/2015/C2,110190_FO_2015_C2-Proposed_Section_B_-_L1501-633181.pdf,False
110190/FO/2015/C2,110190_FO_2015_C2--507736.pdf,False
110190/FO/2015/C2,110190_FO_2015_C2-Second_Floor_Existing_Ceiling_Plan_-_L0123-572408.pdf,False
110190/FO/2015/C2,110190_FO_2015_C2-Upper_Ground_Demolition_Plan_-_L0131-604596.pdf,False
110190/FO/2015/C2,110190_FO_2015_C2-Upper_Ground_Floor_Removed_Internal_Elements_-_L0111-433851.pdf,False
110190/FO/2015/C2,110190_FO_2015_C2-Proposed_Window_Detail_Ground_Floor_-_A0013-549237.pdf,False
110190/FO/2015/C2,110190_FO_2015_C2-L4_Demolition_Plan_-_L0135-664982.pdf,False
110190/FO/2015/C2,110190_FO_2015_C2-Lower_Ground_Proposed_Ceiling_Plan_-_L1020-647666.pdf,False
110190/FO/2015/C2,110190_FO_2015_C2-Fire_Protection_to_Ground_Floor_-_A0003A-552250.pdf,False
110190/FO/2015/C2,110190_FO_2015_C2-air-_conditioning_statement-539074.pdf,False
110190/FO/2015/C2,110190_FO_2015_C2-Proposed_Stair_Deck_Support_Detail_-_A0021-405912.pdf,False
110190/FO/2015/C2,110190_FO_2015_C2-Second_Floor_Removed_Internal_Elements_-_L0113-413501.pdf,False
110190/FO/2015/C2,110190_FO_2015_C2-Existing_Upper_Ground_-_L0101-599533.pdf,False
110190/FO/2015/C2,110190_FO_2015_C2-ventilation_study-394070.pdf,False
110190/FO/2015/C2,110190_FO_2015_C2-Top_Floor_Proposed_Services_Plan_-_L1153B-354276.pdf,False
110190/FO/2015/C2,110190_FO_2015_C2-Proposed_Elevation_02_-_L1601-367602.pdf,False
110190/FO/2015/C2,110190_FO_2015_C2-Third_Floor_Existing_Ceiling_Plan_-_L0124-375557.pdf,False
110190/FO/2015/C2,110190_FO_2015_C2-Fire_Protection_to_Floors_-_A0002B-442640.pdf,False
110190/FO/2015/C2,110190_FO_2015_C2-Existing_Elevation_02_-_L0211-347697.pdf,False
110190/FO/2015/C2,110190_FO_2015_C2-Existing_Roof_Plan_-_L0106-520562.pdf,False
110190/FO/2015/C2,110190_FO_2015_C2-Typical_Floor_Proposed_Ceiling_Plan_-_L1022-631742.pdf,False
110190/FO/2015/C2,110190_FO_2015_C2-Mezzanine_Proposed_Services_Plan_-_L1154B-404407.pdf,False
110190/FO/2015/C2,110190_FO_2015_C2-Proposed_Section_A_-_L1500A-615981.pdf,False
110190/FO/2015/C2,110190_FO_2015_C2-noise_report_comments-396801.docx,False
110190/FO/2015/C2,110190_FO_2015_C2-Lower_Ground_Proposed_Plan_-_L1000-540464.pdf,False
110190/FO/2015/C2,110190_FO_2015_C2-L3_Demolition_Plan_-_L0134-626526.pdf,False
110190/FO/2015/C2,110190_FO_2015_C2-Existing_Section_B_-_L0241-484379.pdf,False
110190/FO/2015/C2,110190_FO_2015_C2--551355.pdf,False
110190/FO/2015/C2,110190_FO_2015_C2-Ceiling_Bulkhead_Detail_-_A0006-590237.pdf,False
110190/FO/2015/C2,110190_FO_2015_C2-proposed_lower_ground_floor_services_plan-545388.pdf,False
110190/FO/2015/C2,110190_FO_2015_C2-Typical_Floor_Proposed_Services_Plan_-_L1152B-428638.pdf,False
110190/FO/2015/C2,110190_FO_2015_C2-Schedule_of_Apartment_Areas-625368.pdf,False
110190/FO/2015/C2,110190_FO_2015_C2-Roof_Demolition_Plan_-_L0136-357581.pdf,False
110190/FO/2015/C2,110190_FO_2015_C2-Proposed_Stair_Guarding_Detail_-_A0020-669791.pdf,False
110190/FO/2015/C2,110190_FO_2015_C2-Application_Letter-675362.pdf,False
110190/FO/2015/C2,110190_FO_2015_C2-Proposed_Roof_Plan_-_L1005-520282.pdf,False
110190/FO/2015/C2,110190_FO_2015_C2-Bat___Bird_Scoping_Survey-504753.pdf,False
110190/FO/2015/C2,110190_FO_2015_C2-response-421681.pdf,False
110561/FO/2015/S2,110561_FO_2015_S2-Elevations_-_T15_05_03-361943.pdf,False
110561/FO/2015/S2,110561_FO_2015_S2--417717.pdf,False
110561/FO/2015/S2,110561_FO_2015_S2-Street_Scenes_-_T15_05_04-677834.pdf,False
110561/FO/2015/S2,110561_FO_2015_S2-Existing_-_T15_05_05-623313.pdf,False
110561/FO/2015/S2,110561_FO_2015_S2-Building_-_T15_05_06-576631.pdf,False
110561/FO/2015/S2,110561_FO_2015_S2-Below_Ground_Drainage_Layout_-_15_1732_SE100-666716.pdf,False
110561/FO/2015/S2,110561_FO_2015_S2--390511.pdf,False
110561/FO/2015/S2,110561_FO_2015_S2-Bat_Survey-612200.pdf,False
110561/FO/2015/S2,110561_FO_2015_S2-Demolition_Methodology_Statement-444471.pdf,False
110561/FO/2015/S2,110561_FO_2015_S2-Condition_4_-_Geo-environmental_survey-545056.pdf,False
110561/FO/2015/S2,110561_FO_2015_S2--639164.pdf,False
110561/FO/2015/S2,110561_FO_2015_S2-Arboruclutural_Tree_Survey_and_Method_Statement_Nov_2015-552371.pdf,False
110561/FO/2015/S2,110561_FO_2015_S2-Floor_Plans_-_T15_05_02-585275.pdf,False
110561/FO/2015/S2,110561_FO_2015_S2--364532.pdf,False
110561/FO/2015/S2,110561_FO_2015_S2--407939.pdf,False
110561/FO/2015/S2,110561_FO_2015_S2-design_and_access_report-528166.pdf,False
